Words,Comments
אוגערקעלע,
אידל,
אידעלע,
אײגל,
אײגעלע,
אײניקל,
אינגל,
אינגעלע,
אַנטיקל,
אַנטיקעלע,
אַרטיקל,
בוימל,
בוימעלע,
בולקעלע,
בײַטל,
בײַטעלע,
בײַכל,
בײַכעלע,
ביימל,
ביימעלע,
ביכל,
ביכעלע,
בינטל,
בינטעלע,
ביסל,
ביסעלע,
ביציקל,
בלומל,
בלומעלע,
בלימל,
בלימעלע,
בלעטל,
בלעטעלע,
בענדל,
בענדעלע,
בענקל,
בעקעלע,
ברױט,
ברױטעלע,
ברײטל,
ברײטעלע,
בריוול,
בריוועלע,
ברעטל,
ברעטעלע,
ברעקל,
ברעקעלע,
גלעזל,
גלעזעלע,
געבעקסל,
גריבל,
גריבעלע,
דערפֿל,
דערפֿעלע,
דריידל,
דריידעלע,
הױזל,
הױזעלע,
הײַזל,
הײַזעלע,
היטל,
היטעלע,
הינדל,
הינדעלע,
הינטל,
הינטעלע,
העלצל,
העלצעלע,
הענטל,
הענטעלע,
הערל,
הערעלע,
ווײַבל,
ווײַבעלע,
װײַנפּערל,
װײַנפּערעלע,
װײַמפּערל,
װײַמפּערעלע,
װײַנשל,
װײַנשעלע,
ווערטל,
ווערטעלע,
זײַטל,
זײַטעלע,
זעקל,
זעקעלע,
זשאַבקעלע,
טייגל,
טייגעלע,
טיכל,
טיכעלע,
טישל,
טישעלע,
לאָשיקל,
לאָשיקעלע,
לאָשעקל,
לאָשעקעלע,
לידל,
לידעלע,
לײַלעך,
לײַלעכער,
לעמפּל,
לעמפּעלע,
לעפֿל,
לעפֿעלע,
מאַשינדל,
מאַשינדעלע,
מיידל,
מיידעלע,
מײַזל,
מײַזעלע,
מילכל,
מילכעלע,
מילעך,
מענטשעלע,
נײַעסל,
ניסל,
ניסעלע,
סוחרימלעך,
פּאהלע,
פּאָרל,
פּיסקל,
פּיסקעלע,
פֿייגל,
פֿייגעלע,
פֿעדערל,
פּאַפּירל,
פּאַפּירעלע,
פּינטל,
פּינטעלע,
פֿינגערל,
פֿיסל,
פֿיסעלע,
פּיצל,
פּיצעלע,
פֿידל,
פֿידעלע,
פֿישל,
פֿישעלע,
פֿלעכטל,
פֿלעכטעלע,
פֿלעשל,
פֿלעשעלע,
פֿערדל,
פֿערדעלע,
פּעלצל,
פּעלצעלע,
פּעקל,
פּעקעלע,
פּערעלע,
פּרישטשיקל,
ציגאַרעטל,
צעטל,
צעטעלע,
קאַפּיטל,
קאַפּל,
קאַפּעלע,
קאַרטל,
קאַרטעלע,
קיכל,
קיכעלע,
קינדערלעך,
קוויטל,
קוויטעלע,
קייטל,
קייטעלע,
קישל,
קישעלע,
קניידל,
קניידעלע,
קנעפּל,
קנעפּעלע,
קעלבל,
קעלבעלע,
קעסטל,
קעסטעלע,
קעפּל,
קעפּעלע,
קעצל,
קעצעלע,
קערבל,
קערבעלע,
קערל,
קערעלע,
קערנדל,
קריגל,
קריגעלע,
קרישקעלע,
קרעפּל,
קרעפּעלע,
רינגל,
רינגעלע,
רעדל,
רעדעלע,
רענצל,
רענצעלע,
רעקל,
רעקעלע,
שטיבל,
שטיבעלע,
שטיװל,
שטיװעלע,
שטיקל,
שטרײַמל,
שטרײַמעלע,
שטעטל,
שטעטעלע,
שײַטל,
שײַטעלע,
שייטל,
שייטעלע,
שליסל,
שליסעלע,
שעפֿל,
שעפֿעלע,
שפּיצל,
שפּיצעלע,
שפּענדל,
שפּענדעלע,
שרײַבערל,
שנירל,
שנירעלע,