ModelID,CCLEName
ACH-001270,127399_SOFT_TISSUE
ACH-001000,1321N1_CENTRAL_NERVOUS_SYSTEM
ACH-001001,143B_BONE
ACH-002680,170MGBA_CENTRAL_NERVOUS_SYSTEM
ACH-002319,184A1_BREAST
ACH-001827,184B5_BREAST
ACH-002089,201T_LUNG
ACH-002399,21NT_BREAST
ACH-000956,22RV1_PROSTATE
ACH-000948,2313287_STOMACH
ACH-000011,253J_URINARY_TRACT
ACH-000026,253JBV_URINARY_TRACT
ACH-000323,42MGBA_CENTRAL_NERVOUS_SYSTEM
ACH-001002,451LU_SKIN
ACH-000905,5637_URINARY_TRACT
ACH-000520,59M_OVARY
ACH-002320,600MPE_BREAST
ACH-000973,639V_URINARY_TRACT
ACH-000896,647V_URINARY_TRACT
ACH-000070,697_HAEMATOPOIETIC_AND_LYMPHOID_TISSUE
ACH-000411,769P_KIDNEY
ACH-000649,786O_KIDNEY
ACH-001306,8305C_THYROID
ACH-001307,8505C_THYROID
ACH-000137,8MGBA_CENTRAL_NERVOUS_SYSTEM
ACH-001441,921_UVEA
ACH-001794,93T449_SOFT_TISSUE
ACH-001795,94T778_SOFT_TISSUE
ACH-001999,9505BIK_PANCREAS
ACH-001796,95T1000_SOFT_TISSUE
ACH-000008,A101D_SKIN
ACH-000283,A1207_CENTRAL_NERVOUS_SYSTEM
ACH-000558,A172_CENTRAL_NERVOUS_SYSTEM
ACH-000201,A204_SOFT_TISSUE
ACH-000788,A2058_SKIN
ACH-000740,A253_SALIVARY_GLAND
ACH-000657,A2780_OVARY
ACH-000219,A375_SKIN
ACH-002001,A375_SKIN_CJ1_RESISTANT
ACH-002002,A375_SKIN_CJ2_RESISTANT
ACH-002003,A375_SKIN_CJ3_RESISTANT
ACH-001442,A388_SKIN
ACH-000697,A3KAW_HAEMATOPOIETIC_AND_LYMPHOID_TISSUE
ACH-000757,A427_LUNG
ACH-001328,A431_SKIN
ACH-000555,A498_KIDNEY
ACH-000157,A4FUK_HAEMATOPOIETIC_AND_LYMPHOID_TISSUE
ACH-000681,A549_LUNG
ACH-000052,A673_BONE
ACH-001007,A673STAG2KO16_ENGINEERED
ACH-001008,A673STAG2KO45_ENGINEERED
ACH-001009,A673STAG2NT14_ENGINEERED
ACH-001010,A673STAG2NT23_ENGINEERED
ACH-000429,A704_KIDNEY
ACH-000528,ABC1_LUNG
ACH-000086,ACCMESO1_PLEURA
ACH-000046,ACHN_KIDNEY
ACH-002389,ACN_AUTONOMIC_GANGLIA
ACH-000880,AGS_STOMACH
ACH-002209,ALLPO_HAEMATOPOIETIC_AND_LYMPHOID_TISSUE
ACH-000105,ALLSIL_HAEMATOPOIETIC_AND_LYMPHOID_TISSUE
ACH-000269,AM38_CENTRAL_NERVOUS_SYSTEM
ACH-000557,AML193_HAEMATOPOIETIC_AND_LYMPHOID_TISSUE
ACH-000838,AMO1_HAEMATOPOIETIC_AND_LYMPHOID_TISSUE
ACH-000940,AN3CA_ENDOMETRIUM
ACH-001329,ANGMCSS_CENTRAL_NERVOUS_SYSTEM
ACH-002210,ARH77_HAEMATOPOIETIC_AND_LYMPHOID_TISSUE
ACH-001443,ASH3_THYROID
ACH-000222,ASPC1_PANCREAS
ACH-002058,ATN1_HAEMATOPOIETIC_AND_LYMPHOID_TISSUE
ACH-000248,AU565_BREAST
ACH-001015,AZ521_SMALL_INTESTINE
ACH-002211,BALL1_HAEMATOPOIETIC_AND_LYMPHOID_TISSUE
ACH-002212,BB30HNC_UPPER_AERODIGESTIVE_TRACT
ACH-002342,BB30PBL_MATCHED_NORMAL_TISSUE
ACH-002343,BB49EBV_MATCHED_NORMAL_TISSUE
ACH-002213,BB49HNC_UPPER_AERODIGESTIVE_TRACT
ACH-002344,BB65EBV_MATCHED_NORMAL_TISSUE
ACH-002090,BB65RCC_KIDNEY
ACH-002214,BC1_HAEMATOPOIETIC_AND_LYMPHOID_TISSUE
ACH-002215,BC3_PLEURA
ACH-000593,BC3C_URINARY_TRACT
ACH-000923,BCP1_HAEMATOPOIETIC_AND_LYMPHOID_TISSUE
ACH-000456,BCPAP_THYROID
ACH-000080,BDCM_HAEMATOPOIETIC_AND_LYMPHOID_TISSUE
ACH-002216,BE13_HAEMATOPOIETIC_AND_LYMPHOID_TISSUE
ACH-002217,BE2M17_AUTONOMIC_GANGLIA
ACH-001016,BECKER_CENTRAL_NERVOUS_SYSTEM
ACH-000603,BEN_LUNG
ACH-000802,BFTC905_URINARY_TRACT
ACH-000792,BFTC909_KIDNEY
ACH-001017,BGC823_STOMACH
ACH-000191,BHT101_THYROID
ACH-000548,BHY_UPPER_AERODIGESTIVE_TRACT
ACH-001331,BICR10_UPPER_AERODIGESTIVE_TRACT
ACH-000503,BICR16_UPPER_AERODIGESTIVE_TRACT
ACH-000992,BICR18_UPPER_AERODIGESTIVE_TRACT
ACH-000794,BICR22_UPPER_AERODIGESTIVE_TRACT
ACH-000228,BICR31_UPPER_AERODIGESTIVE_TRACT
ACH-000771,BICR56_UPPER_AERODIGESTIVE_TRACT
ACH-000415,BICR6_UPPER_AERODIGESTIVE_TRACT
ACH-001332,BICR78_UPPER_AERODIGESTIVE_TRACT
ACH-001278,BIN67_OVARY
ACH-001018,BJHTERT_FIBROBLAST
ACH-000245,BL41_HAEMATOPOIETIC_AND_LYMPHOID_TISSUE
ACH-000402,BL70_HAEMATOPOIETIC_AND_LYMPHOID_TISSUE
ACH-001450,BLUE1_HAEMATOPOIETIC_AND_LYMPHOID_TISSUE
ACH-001451,BOKU_CERVIX
ACH-001452,BONNA12_HAEMATOPOIETIC_AND_LYMPHOID_TISSUE
ACH-001453,BPH1_PROSTATE
ACH-000160,BT12_SOFT_TISSUE
ACH-001020,BT16_SOFT_TISSUE
ACH-000536,BT20_BREAST
ACH-000927,BT474_BREAST
ACH-000818,BT483_BREAST
ACH-000288,BT549_BREAST
ACH-000432,BV173_HAEMATOPOIETIC_AND_LYMPHOID_TISSUE
ACH-000535,BXPC3_PANCREAS
ACH-001454,C10_LARGE_INTESTINE
ACH-001456,C125PM_LARGE_INTESTINE
ACH-000009,C2BBE1_LARGE_INTESTINE
ACH-000580,C32_SKIN
ACH-001333,C33A_CERVIX
ACH-001818,C396_BONE
ACH-001021,C3A_LIVER
ACH-001334,C4I_CERVIX
ACH-001335,C4II_CERVIX
ACH-001458,C75_LARGE_INTESTINE
ACH-001459,C80_LARGE_INTESTINE
ACH-000206,C8166_HAEMATOPOIETIC_AND_LYMPHOID_TISSUE
ACH-001460,C84_LARGE_INTESTINE
ACH-001461,C99_LARGE_INTESTINE
ACH-000440,CA46_HAEMATOPOIETIC_AND_LYMPHOID_TISSUE
ACH-002043,CA922_UPPER_AERODIGESTIVE_TRACT
ACH-000003,CACO2_LARGE_INTESTINE
ACH-000210,CADOES1_BONE
ACH-000433,CAKI1_KIDNEY
ACH-000234,CAKI2_KIDNEY
ACH-000212,CAL120_BREAST
ACH-000826,CAL12T_LUNG
ACH-000902,CAL148_BREAST
ACH-000832,CAL27_UPPER_AERODIGESTIVE_TRACT
ACH-000142,CAL29_URINARY_TRACT
ACH-000518,CAL33_UPPER_AERODIGESTIVE_TRACT
ACH-002091,CAL39_VULVA
ACH-000856,CAL51_BREAST
ACH-000457,CAL54_KIDNEY
ACH-000174,CAL62_THYROID
ACH-001715,CAL72_BONE
ACH-000516,CAL78_BONE
ACH-000857,CAL851_BREAST
ACH-000511,CALU1_LUNG
ACH-000392,CALU3_LUNG
ACH-000264,CALU6_LUNG
ACH-000783,CAMA1_BREAST
ACH-000713,CAOV3_OVARY
ACH-000103,CAOV4_OVARY
ACH-000354,CAPAN1_PANCREAS
ACH-000107,CAPAN2_PANCREAS
ACH-002345,CAR1_LARGE_INTESTINE
ACH-000464,CAS1_CENTRAL_NERVOUS_SYSTEM
ACH-001336,CASKI_CERVIX
ACH-001022,CBAGPN_BONE
ACH-002647,CCC5_BILIARY_TRACT
ACH-000329,CCFSTTG1_CENTRAL_NERVOUS_SYSTEM
ACH-000963,CCK81_LARGE_INTESTINE
ACH-001164,CCLFPEDS0003T_SOFT_TISSUE
ACH-001433,CCLFPEDS0008T_SOFT_TISSUE
ACH-001767,CCLFPEDS0018T_SOFT_TISSUE
ACH-002446,CCLFUPGI0005T_STOMACH
ACH-002730,CCLFUPGI0009T_GASTRIC
ACH-001959,CCLP1_BILIARY_TRACT
ACH-001738,CCRFCEM_HAEMATOPOIETIC_AND_LYMPHOID_TISSUE
ACH-001960,CCSW1_BILIARY_TRACT
ACH-002218,CESS_HAEMATOPOIETIC_AND_LYMPHOID_TISSUE
ACH-000138,CFPAC1_PANCREAS
ACH-001023,CGTHW1_THYROID
ACH-000025,CH157MN_CENTRAL_NERVOUS_SYSTEM
ACH-000867,CHAGOK1_LUNG
ACH-001024,CHL1_SKIN
ACH-001041,CHL1DM_SKIN
ACH-001028,CHLA06ATRT_SOFT_TISSUE
ACH-001029,CHLA10_BONE
ACH-001300,CHLA15_AUTONOMIC_GANGLIA
ACH-001030,CHLA218_BONE
ACH-001282,CHLA258_BONE
ACH-001031,CHLA266_SOFT_TISSUE
ACH-001032,CHLA32_BONE
ACH-001033,CHLA57_BONE
ACH-001034,CHLA9_BONE
ACH-001481,CHLA90_AUTONOMIC_GANGLIA
ACH-001035,CHLA99_BONE
ACH-000136,CHP126_AUTONOMIC_GANGLIA
ACH-001338,CHP134_AUTONOMIC_GANGLIA
ACH-000120,CHP212_AUTONOMIC_GANGLIA
ACH-002092,CHSA0011_BONE
ACH-002093,CHSA0108_BONE
ACH-002094,CHSA8926_BONE
ACH-001484,CI_HAEMATOPOIETIC_AND_LYMPHOID_TISSUE
ACH-000687,CI1_HAEMATOPOIETIC_AND_LYMPHOID_TISSUE
ACH-001485,CII_HAEMATOPOIETIC_AND_LYMPHOID_TISSUE
ACH-000458,CJM_SKIN
ACH-000249,CL11_LARGE_INTESTINE
ACH-000342,CL14_LARGE_INTESTINE
ACH-000895,CL34_LARGE_INTESTINE
ACH-000798,CL40_LARGE_INTESTINE
ACH-001322,CME1_SOFT_TISSUE
ACH-000641,CMK_HAEMATOPOIETIC_AND_LYMPHOID_TISSUE
ACH-001036,CMK115_HAEMATOPOIETIC_AND_LYMPHOID_TISSUE
ACH-001037,CMK86_HAEMATOPOIETIC_AND_LYMPHOID_TISSUE
ACH-000920,CMLT1_HAEMATOPOIETIC_AND_LYMPHOID_TISSUE
ACH-001289,COGAR359_SOFT_TISSUE
ACH-001038,COGE352_BONE
ACH-001301,COGN278_AUTONOMIC_GANGLIA
ACH-001302,COGN305_AUTONOMIC_GANGLIA
ACH-000253,COLO201_LARGE_INTESTINE
ACH-001039,COLO205_LARGE_INTESTINE
ACH-000202,COLO320_LARGE_INTESTINE
ACH-002219,COLO320HSR_LARGE_INTESTINE
ACH-000803,COLO668_LUNG
ACH-000350,COLO678_LARGE_INTESTINE
ACH-000805,COLO679_SKIN
ACH-000717,COLO680N_OESOPHAGUS
ACH-000864,COLO684_ENDOMETRIUM
ACH-001042,COLO704_OVARY
ACH-000582,COLO741_SKIN
ACH-001043,COLO775_HAEMATOPOIETIC_AND_LYMPHOID_TISSUE
ACH-000812,COLO783_SKIN
ACH-000968,COLO792_SKIN
ACH-001339,COLO794_SKIN
ACH-000401,COLO800_SKIN
ACH-001044,COLO818_SKIN
ACH-001820,COLO824_BREAST
ACH-002380,COLO829_MATCHED_NORMAL_TISSUE
ACH-000644,COLO829_SKIN
ACH-001045,COLO849_SKIN
ACH-000161,CORL105_LUNG
ACH-000662,CORL23_LUNG
ACH-000382,CORL24_LUNG
ACH-000257,CORL279_LUNG
ACH-002095,CORL303_LUNG
ACH-000187,CORL311_LUNG
ACH-001489,CORL32_LUNG
ACH-001490,CORL321_LUNG
ACH-000695,CORL47_LUNG
ACH-001047,CORL51_LUNG
ACH-000508,CORL88_LUNG
ACH-000743,CORL95_LUNG
ACH-000256,COV318_OVARY
ACH-000278,COV362_OVARY
ACH-001340,COV413A_OVARY
ACH-000123,COV434_OVARY
ACH-001048,COV504_OVARY
ACH-000608,COV644_OVARY
ACH-002346,CP50EBV_MATCHED_NORMAL_TISSUE
ACH-002096,CP50MELB_SKIN
ACH-002347,CP66EBV_MATCHED_NORMAL_TISSUE
ACH-002097,CP66MEL_SKIN
ACH-002098,CP67MEL_SKIN
ACH-001049,CPCN_LUNG
ACH-002220,CROAP2_HAEMATOPOIETIC_AND_LYMPHOID_TISSUE
ACH-002099,CS1_BONE
ACH-002221,CTB1_HAEMATOPOIETIC_AND_LYMPHOID_TISSUE
ACH-002222,CTV1_HAEMATOPOIETIC_AND_LYMPHOID_TISSUE
ACH-001737,CTV1DM_HAEMATOPOIETIC_AND_LYMPHOID_TISSUE
ACH-000998,CW2_LARGE_INTESTINE
ACH-001050,CW9019_SOFT_TISSUE
ACH-002223,D245MG_CENTRAL_NERVOUS_SYSTEM
ACH-002224,D247MG_CENTRAL_NERVOUS_SYSTEM
ACH-002225,D263MG_CENTRAL_NERVOUS_SYSTEM
ACH-000055,D283MED_CENTRAL_NERVOUS_SYSTEM
ACH-002226,D336MG_CENTRAL_NERVOUS_SYSTEM
ACH-000095,D341MED_CENTRAL_NERVOUS_SYSTEM
ACH-001052,D384_CENTRAL_NERVOUS_SYSTEM
ACH-002227,D392MG_CENTRAL_NERVOUS_SYSTEM
ACH-002228,D423MG_CENTRAL_NERVOUS_SYSTEM
ACH-001053,D425_CENTRAL_NERVOUS_SYSTEM
ACH-001054,D458_CENTRAL_NERVOUS_SYSTEM
ACH-002229,D502MG_CENTRAL_NERVOUS_SYSTEM
ACH-002230,D542MG_CENTRAL_NERVOUS_SYSTEM
ACH-001055,D556_CENTRAL_NERVOUS_SYSTEM
ACH-002231,D566MG_CENTRAL_NERVOUS_SYSTEM
ACH-000243,DANG_PANCREAS
ACH-000211,DAOY_CENTRAL_NERVOUS_SYSTEM
ACH-000786,DAUDI_HAEMATOPOIETIC_AND_LYMPHOID_TISSUE
ACH-000334,DB_HAEMATOPOIETIC_AND_LYMPHOID_TISSUE
ACH-000863,DBTRG05MG_CENTRAL_NERVOUS_SYSTEM
ACH-000233,DEL_HAEMATOPOIETIC_AND_LYMPHOID_TISSUE
ACH-001057,DERL2_HAEMATOPOIETIC_AND_LYMPHOID_TISSUE
ACH-000207,DETROIT562_UPPER_AERODIGESTIVE_TRACT
ACH-002232,DG75_HAEMATOPOIETIC_AND_LYMPHOID_TISSUE
ACH-002233,DIFI_LARGE_INTESTINE
ACH-002348,DIPG007_CENTRAL_NERVOUS_SYSTEM
ACH-002100,DJM1_SKIN
ACH-000244,DKMG_CENTRAL_NERVOUS_SYSTEM
ACH-001059,DL_SOFT_TISSUE
ACH-001060,DL40_HAEMATOPOIETIC_AND_LYMPHOID_TISSUE
ACH-001061,DLD1_LARGE_INTESTINE
ACH-000742,DM3_FIBROBLAST
ACH-000530,DMS114_LUNG
ACH-000594,DMS153_LUNG
ACH-000749,DMS273_LUNG
ACH-000844,DMS454_LUNG
ACH-000698,DMS53_LUNG
ACH-000703,DMS79_LUNG
ACH-000981,DND41_HAEMATOPOIETIC_AND_LYMPHOID_TISSUE
ACH-000056,DOHH2_HAEMATOPOIETIC_AND_LYMPHOID_TISSUE
ACH-002234,DOK_UPPER_AERODIGESTIVE_TRACT
ACH-001341,DOTC24510_CERVIX
ACH-001063,DOV13_OVARY
ACH-002235,DSH1_URINARY_TRACT
ACH-000979,DU145_PROSTATE
ACH-000258,DU4475_BREAST
ACH-000925,DV90_LUNG
ACH-000877,EB1_HAEMATOPOIETIC_AND_LYMPHOID_TISSUE
ACH-001064,EB2_HAEMATOPOIETIC_AND_LYMPHOID_TISSUE
ACH-002236,EB3_HAEMATOPOIETIC_AND_LYMPHOID_TISSUE
ACH-000563,EBC1_LUNG
ACH-000560,ECC10_STOMACH
ACH-000225,ECC12_STOMACH
ACH-001997,ECC2_BILIARY_TRACT
ACH-002024,ECC4_LARGE_INTESTINE
ACH-000305,ECGI10_OESOPHAGUS
ACH-000435,EFE184_ENDOMETRIUM
ACH-000330,EFM19_BREAST
ACH-000117,EFM192A_BREAST
ACH-000308,EFO21_OVARY
ACH-000936,EFO27_OVARY
ACH-001494,EGI1_BILIARY_TRACT
ACH-000038,EHEB_HAEMATOPOIETIC_AND_LYMPHOID_TISSUE
ACH-000821,EJM_HAEMATOPOIETIC_AND_LYMPHOID_TISSUE
ACH-000706,EKVX_LUNG
ACH-000295,EM2_HAEMATOPOIETIC_AND_LYMPHOID_TISSUE
ACH-002101,EMCBAC1_LUNG
ACH-002102,EMCBAC2_LUNG
ACH-001495,EMTOKA_ENDOMETRIUM
ACH-000978,EN_ENDOMETRIUM
ACH-000198,EOL1_HAEMATOPOIETIC_AND_LYMPHOID_TISSUE
ACH-000585,EPLC272H_LUNG
ACH-002103,ES1_BONE
ACH-000906,ES2_OVARY
ACH-002104,ES3_BONE
ACH-002105,ES4_BONE
ACH-002106,ES5_BONE
ACH-002107,ES6_BONE
ACH-002108,ES7_BONE
ACH-002109,ES8_BONE
ACH-001496,ESO26_OESOPHAGUS
ACH-001497,ESO51_OESOPHAGUS
ACH-000913,ESS1_ENDOMETRIUM
ACH-002650,ETCC016_LUNG
ACH-002237,ETK1_BILIARY_TRACT
ACH-001065,EVSAT_BREAST
ACH-002110,EW1_BONE
ACH-002111,EW11_BONE
ACH-002112,EW12_BONE
ACH-002113,EW13_BONE
ACH-002114,EW16_BONE
ACH-002115,EW18_BONE
ACH-002116,EW22_BONE
ACH-002117,EW24_BONE
ACH-002118,EW3_BONE
ACH-002119,EW7_BONE
ACH-000499,EW8_BONE
ACH-000279,EWS502_BONE
ACH-001066,EWS834_BONE
ACH-000487,F36P_HAEMATOPOIETIC_AND_LYMPHOID_TISSUE
ACH-001067,F5_CENTRAL_NERVOUS_SYSTEM
ACH-000846,FADU_UPPER_AERODIGESTIVE_TRACT
ACH-001498,FARAGE_HAEMATOPOIETIC_AND_LYMPHOID_TISSUE
ACH-001068,FEPD_HAEMATOPOIETIC_AND_LYMPHOID_TISSUE
ACH-001500,FLO1_OESOPHAGUS
ACH-000903,FTC133_THYROID
ACH-000897,FTC238_THYROID
ACH-000633,FU97_STOMACH
ACH-001272,FUJI_SOFT_TISSUE
ACH-000574,FUOV1_OVARY
ACH-000082,G292CLONEA141B1_BONE
ACH-000572,G361_SKIN
ACH-000096,G401_SOFT_TISSUE
ACH-000375,G402_SOFT_TISSUE
ACH-001850,G415_BILIARY_TRACT
ACH-000162,GA10_HAEMATOPOIETIC_AND_LYMPHOID_TISSUE
ACH-002120,GAK_SKIN
ACH-000098,GAMG_CENTRAL_NERVOUS_SYSTEM
ACH-000738,GB1_CENTRAL_NERVOUS_SYSTEM
ACH-001961,GB2_BILIARY_TRACT
ACH-002349,GBM001_CENTRAL_NERVOUS_SYSTEM
ACH-000047,GCIY_STOMACH
ACH-000835,GCT_SOFT_TISSUE
ACH-000081,GDM1_HAEMATOPOIETIC_AND_LYMPHOID_TISSUE
ACH-000756,GI1_CENTRAL_NERVOUS_SYSTEM
ACH-001344,GIMEN_AUTONOMIC_GANGLIA
ACH-002332,GISTT1_STOMACH
ACH-001071,GLC82_LUNG
ACH-002121,GMEL_SKIN
ACH-000102,GMS10_CENTRAL_NERVOUS_SYSTEM
ACH-000027,GOS3_CENTRAL_NERVOUS_SYSTEM
ACH-001716,GOTO_AUTONOMIC_GANGLIA
ACH-000982,GP2D_LARGE_INTESTINE
ACH-001345,GP5D_LARGE_INTESTINE
ACH-000073,GRANTA519_HAEMATOPOIETIC_AND_LYMPHOID_TISSUE
ACH-001072,GRM_SKIN
ACH-002238,GRST_HAEMATOPOIETIC_AND_LYMPHOID_TISSUE
ACH-000746,GSS_STOMACH
ACH-000485,GSU_STOMACH
ACH-002122,GT3TKB_STOMACH
ACH-001346,H103_UPPER_AERODIGESTIVE_TRACT
ACH-001347,H157_UPPER_AERODIGESTIVE_TRACT
ACH-002123,H2369_PLEURA
ACH-002136,H290_PLEURA
ACH-002239,H3118_UPPER_AERODIGESTIVE_TRACT
ACH-001509,H357_UPPER_AERODIGESTIVE_TRACT
ACH-001510,H376_UPPER_AERODIGESTIVE_TRACT
ACH-000389,H4_CENTRAL_NERVOUS_SYSTEM
ACH-001511,H413_UPPER_AERODIGESTIVE_TRACT
ACH-002138,H513_LUNG
ACH-002240,H9_HAEMATOPOIETIC_AND_LYMPHOID_TISSUE
ACH-001310,HA1E_KIDNEY
ACH-002350,HA7EBV_MATCHED_NORMAL_TISSUE
ACH-002139,HA7RCC_KIDNEY
ACH-002241,HAL01_HAEMATOPOIETIC_AND_LYMPHOID_TISSUE
ACH-002475,HAP1_ENGINEERED
ACH-000843,HARA_LUNG
ACH-001736,HB1119_HAEMATOPOIETIC_AND_LYMPHOID_TISSUE
ACH-002321,HBL100_BREAST
ACH-002242,HC1_HAEMATOPOIETIC_AND_LYMPHOID_TISSUE
ACH-001513,HCA1_CERVIX
ACH-001514,HCC1008_BREAST
ACH-000374,HCC1143_BREAST
ACH-002378,HCC1143_MATCHED_NORMAL_TISSUE
ACH-000578,HCC1171_LUNG
ACH-000111,HCC1187_BREAST
ACH-002373,HCC1187_MATCHED_NORMAL_TISSUE
ACH-000868,HCC1195_LUNG
ACH-000901,HCC1359_LUNG
ACH-000699,HCC1395_BREAST
ACH-002382,HCC1395_MATCHED_NORMAL_TISSUE
ACH-000277,HCC1419_BREAST
ACH-000352,HCC1428_BREAST
ACH-000891,HCC1438_LUNG
ACH-000878,HCC15_LUNG
ACH-000349,HCC1500_BREAST
ACH-000930,HCC1569_BREAST
ACH-000196,HCC1599_BREAST
ACH-002374,HCC1599_MATCHED_NORMAL_TISSUE
ACH-000624,HCC1806_BREAST
ACH-000712,HCC1833_LUNG
ACH-001079,HCC1897_LUNG
ACH-000223,HCC1937_BREAST
ACH-002375,HCC1937_MATCHED_NORMAL_TISSUE
ACH-000859,HCC1954_BREAST
ACH-002384,HCC1954_MATCHED_NORMAL_TISSUE
ACH-000725,HCC202_BREAST
ACH-000314,HCC2108_LUNG
ACH-000691,HCC2157_BREAST
ACH-002381,HCC2157_MATCHED_NORMAL_TISSUE
ACH-002322,HCC2185_BREAST
ACH-000755,HCC2218_BREAST
ACH-002383,HCC2218_MATCHED_NORMAL_TISSUE
ACH-000731,HCC2279_LUNG
ACH-000143,HCC2429_LUNG
ACH-000975,HCC2450_LUNG
ACH-002323,HCC2688_BREAST
ACH-000690,HCC2814_LUNG
ACH-000150,HCC2935_LUNG
ACH-001081,HCC2998_LARGE_INTESTINE
ACH-002324,HCC3153_BREAST
ACH-000515,HCC33_LUNG
ACH-000575,HCC364_LUNG
ACH-000840,HCC366_LUNG
ACH-000276,HCC38_BREAST
ACH-002377,HCC38_MATCHED_NORMAL_TISSUE
ACH-000066,HCC4006_LUNG
ACH-000667,HCC44_LUNG
ACH-000339,HCC461_LUNG
ACH-000872,HCC515_LUNG
ACH-000467,HCC56_LARGE_INTESTINE
ACH-000668,HCC70_BREAST
ACH-000562,HCC78_LUNG
ACH-000012,HCC827_LUNG
ACH-002333,HCC827GR_LUNG
ACH-000029,HCC827GR5_LUNG
ACH-000454,HCC95_LUNG
ACH-002243,HCE4_OESOPHAGUS
ACH-002336,HCET_UPPER_AERODIGESTIVE_TRACT
ACH-001515,HCS2_CERVIX
ACH-001516,HCSC1_CERVIX
ACH-000971,HCT116_LARGE_INTESTINE
ACH-000997,HCT15_LARGE_INTESTINE
ACH-001084,HCT8_LARGE_INTESTINE
ACH-000267,HDLM2_HAEMATOPOIETIC_AND_LYMPHOID_TISSUE
ACH-000190,HDMYZ_HAEMATOPOIETIC_AND_LYMPHOID_TISSUE
ACH-000643,HDQP1_BREAST
ACH-001517,HEC1_ENDOMETRIUM
ACH-000990,HEC108_ENDOMETRIUM
ACH-001518,HEC116_ENDOMETRIUM
ACH-000972,HEC151_ENDOMETRIUM
ACH-000954,HEC1A_ENDOMETRIUM
ACH-000941,HEC1B_ENDOMETRIUM
ACH-000996,HEC251_ENDOMETRIUM
ACH-000946,HEC265_ENDOMETRIUM
ACH-000831,HEC50B_ENDOMETRIUM
ACH-000994,HEC59_ENDOMETRIUM
ACH-000984,HEC6_ENDOMETRIUM
ACH-000049,HEKTE_KIDNEY
ACH-000004,HEL_HAEMATOPOIETIC_AND_LYMPHOID_TISSUE
ACH-000005,HEL9217_HAEMATOPOIETIC_AND_LYMPHOID_TISSUE
ACH-001086,HELA_CERVIX
ACH-001519,HEMCSS_BONE
ACH-000625,HEP3B217_LIVER
ACH-000739,HEPG2_LIVER
ACH-002140,HEY_OVARY
ACH-000542,HEYA8_OVARY
ACH-001520,HG3_HAEMATOPOIETIC_AND_LYMPHOID_TISSUE
ACH-000847,HGC27_STOMACH
ACH-000061,HH_HAEMATOPOIETIC_AND_LYMPHOID_TISSUE
ACH-002026,HHUA_ENDOMETRIUM
ACH-001087,HK2_KIDNEY
ACH-001521,HKA1_SKIN
ACH-002070,HKBMM_CENTRAL_NERVOUS_SYSTEM
ACH-001852,HKGZCC_BILIARY_TRACT
ACH-000002,HL60_HAEMATOPOIETIC_AND_LYMPHOID_TISSUE
ACH-001088,HLC1_LUNG
ACH-001089,HLE_LIVER
ACH-000393,HLF_LIVER
ACH-000797,HLFA_FIBROBLAST
ACH-000721,HMC18_BREAST
ACH-000931,HMCB_SKIN
ACH-000642,HMEL_BREAST
ACH-002040,HMVII_SKIN
ACH-001522,HMY1_SKIN
ACH-001090,HN_UPPER_AERODIGESTIVE_TRACT
ACH-000299,HNT34_HAEMATOPOIETIC_AND_LYMPHOID_TISSUE
ACH-002244,HO1N1_UPPER_AERODIGESTIVE_TRACT
ACH-002045,HO1U1_UPPER_AERODIGESTIVE_TRACT
ACH-002019,HOKUG_CERVIX
ACH-000861,HOP62_LUNG
ACH-000825,HOP92_LUNG
ACH-000613,HOS_BONE
ACH-002041,HOTHC_THYROID
ACH-002027,HOUAI_ENDOMETRIUM
ACH-000270,HPAC_PANCREAS
ACH-000094,HPAFII_PANCREAS
ACH-000942,HPBALL_HAEMATOPOIETIC_AND_LYMPHOID_TISSUE
ACH-001091,HRT18_LARGE_INTESTINE
ACH-000088,HS172T_FIBROBLAST
ACH-000131,HS229T_FIBROBLAST
ACH-000199,HS255T_FIBROBLAST
ACH-000134,HS274T_FIBROBLAST
ACH-000083,HS281T_FIBROBLAST
ACH-000014,HS294T_SKIN
ACH-000184,HS343T_FIBROBLAST
ACH-002245,HS445_HAEMATOPOIETIC_AND_LYMPHOID_TISSUE
ACH-000148,HS578T_BREAST
ACH-000240,HS600T_FIBROBLAST
ACH-001093,HS604T_FIBROBLAST
ACH-000540,HS606T_FIBROBLAST
ACH-000069,HS611T_HAEMATOPOIETIC_AND_LYMPHOID_TISSUE
ACH-000063,HS616T_FIBROBLAST
ACH-000539,HS618T_FIBROBLAST
ACH-002246,HS633T_SOFT_TISSUE
ACH-000214,HS675T_FIBROBLAST
ACH-000067,HS683_CENTRAL_NERVOUS_SYSTEM
ACH-000306,HS688AT_FIBROBLAST
ACH-000799,HS695T_SKIN
ACH-000850,HS698T_FIBROBLAST
ACH-000071,HS706T_BONE
ACH-000133,HS729_SOFT_TISSUE
ACH-000185,HS737T_FIBROBLAST
ACH-000413,HS739T_FIBROBLAST
ACH-000230,HS742T_FIBROBLAST
ACH-000616,HS746T_STOMACH
ACH-000165,HS751T_FIBROBLAST
ACH-000178,HS766T_PANCREAS
ACH-000224,HS819T_FIBROBLAST
ACH-000526,HS821T_FIBROBLAST
ACH-000229,HS822T_FIBROBLAST
ACH-000275,HS834T_FIBROBLAST
ACH-000180,HS839T_FIBROBLAST
ACH-000284,HS840T_FIBROBLAST
ACH-000274,HS852T_SKIN
ACH-001712,HS860T_BONE
ACH-000119,HS863T_FIBROBLAST
ACH-000340,HS870T_FIBROBLAST
ACH-000154,HS888T_FIBROBLAST
ACH-000043,HS895T_FIBROBLAST
ACH-000194,HS934T_FIBROBLAST
ACH-000801,HS936T_SKIN
ACH-000814,HS939T_SKIN
ACH-000135,HS940T_FIBROBLAST
ACH-000632,HS944T_SKIN
ACH-001523,HSC1_SKIN
ACH-000472,HSC2_UPPER_AERODIGESTIVE_TRACT
ACH-000778,HSC3_UPPER_AERODIGESTIVE_TRACT
ACH-002141,HSC39_STOMACH
ACH-000546,HSC4_UPPER_AERODIGESTIVE_TRACT
ACH-001524,HSC5_SKIN
ACH-002038,HSKTC_OVARY
ACH-002069,HSOS1_BONE
ACH-002065,HSPSS_CENTRAL_NERVOUS_SYSTEM
ACH-002044,HSQ89_UPPER_AERODIGESTIVE_TRACT
ACH-002066,HSSCH2_CENTRAL_NERVOUS_SYSTEM
ACH-002085,HSSYII_LUNG
ACH-000914,HT_HAEMATOPOIETIC_AND_LYMPHOID_TISSUE
ACH-000054,HT1080_SOFT_TISSUE
ACH-000986,HT115_LARGE_INTESTINE
ACH-000547,HT1197_URINARY_TRACT
ACH-000724,HT1376_URINARY_TRACT
ACH-000322,HT144_SKIN
ACH-002458,HT144_SKIN_FV1_RESISTANT
ACH-002460,HT144_SKIN_FV2_RESISTANT
ACH-002459,HT144_SKIN_FV3_RESISTANT
ACH-000552,HT29_LARGE_INTESTINE
ACH-001525,HT3_CERVIX
ACH-000926,HT55_LARGE_INTESTINE
ACH-001350,HTCC3_THYROID
ACH-001094,HTK_HAEMATOPOIETIC_AND_LYMPHOID_TISSUE
ACH-002046,HTMMT_ENDOMETRIUM
ACH-000976,HUCCT1_BILIARY_TRACT
ACH-000239,HUG1N_STOMACH
ACH-000475,HUH1_LIVER
ACH-000808,HUH28_BILIARY_TRACT
ACH-000671,HUH6_LIVER
ACH-000480,HUH7_LIVER
ACH-000829,HUNS1_HAEMATOPOIETIC_AND_LYMPHOID_TISSUE
ACH-002142,HUO3N1_BONE
ACH-001526,HUO9_BONE
ACH-000118,HUPT3_PANCREAS
ACH-000213,HUPT4_PANCREAS
ACH-000612,HUT102_HAEMATOPOIETIC_AND_LYMPHOID_TISSUE
ACH-000509,HUT78_HAEMATOPOIETIC_AND_LYMPHOID_TISSUE
ACH-000538,HUTU80_SMALL_INTESTINE
ACH-000672,IALM_LUNG
ACH-001834,ICC10_BILIARY_TRACT
ACH-001835,ICC106_BILIARY_TRACT
ACH-001836,ICC108_BILIARY_TRACT
ACH-001838,ICC12_BILIARY_TRACT
ACH-001839,ICC137_BILIARY_TRACT
ACH-001841,ICC15_BILIARY_TRACT
ACH-001842,ICC2_BILIARY_TRACT
ACH-001843,ICC3_BILIARY_TRACT
ACH-001844,ICC4_BILIARY_TRACT
ACH-001845,ICC5_BILIARY_TRACT
ACH-001846,ICC6_BILIARY_TRACT
ACH-001848,ICC8_BILIARY_TRACT
ACH-001849,ICC9_BILIARY_TRACT
ACH-000882,IGR1_SKIN
ACH-000650,IGR37_SKIN
ACH-000550,IGR39_SKIN
ACH-000966,IGROV1_OVARY
ACH-001528,IHH4_THYROID
ACH-002247,IM9_HAEMATOPOIETIC_AND_LYMPHOID_TISSUE
ACH-000919,IM95_STOMACH
ACH-000310,IMR32_AUTONOMIC_GANGLIA
ACH-002248,IMR5_AUTONOMIC_GANGLIA
ACH-000512,INA6_HAEMATOPOIETIC_AND_LYMPHOID_TISSUE
ACH-000629,IOMMLEE_CENTRAL_NERVOUS_SYSTEM
ACH-000915,IPC298_SKIN
ACH-000961,ISHIKAWAHERAKLIO02ER_ENDOMETRIUM
ACH-002143,ISTMEL1_SKIN
ACH-000569,ISTMES1_PLEURA
ACH-000331,ISTMES2_PLEURA
ACH-002144,ISTSL1_LUNG
ACH-002145,ISTSL2_LUNG
ACH-002379,J82_MATCHED_NORMAL_TISSUE
ACH-000396,J82_URINARY_TRACT
ACH-001529,JAR_PLACENTA
ACH-001530,JEG3_PLACENTA
ACH-000357,JEKO1_HAEMATOPOIETIC_AND_LYMPHOID_TISSUE
ACH-000216,JHESOAD1_OESOPHAGUS
ACH-000620,JHH1_LIVER
ACH-000577,JHH2_LIVER
ACH-000476,JHH4_LIVER
ACH-000734,JHH5_LIVER
ACH-000217,JHH6_LIVER
ACH-000848,JHH7_LIVER
ACH-000324,JHOC5_OVARY
ACH-000237,JHOM1_OVARY
ACH-000333,JHOM2B_OVARY
ACH-000132,JHOS2_OVARY
ACH-002146,JHOS3_OVARY
ACH-000584,JHOS4_OVARY
ACH-002249,JHU011_UPPER_AERODIGESTIVE_TRACT
ACH-002250,JHU022_UPPER_AERODIGESTIVE_TRACT
ACH-002337,JHU028_LUNG
ACH-002251,JHU029_UPPER_AERODIGESTIVE_TRACT
ACH-000928,JHUEM1_ENDOMETRIUM
ACH-000909,JHUEM2_ENDOMETRIUM
ACH-000173,JHUEM3_ENDOMETRIUM
ACH-000993,JHUEM7_ENDOMETRIUM
ACH-000711,JIMT1_BREAST
ACH-002252,JIYOYEP2003_HAEMATOPOIETIC_AND_LYMPHOID_TISSUE
ACH-000653,JJN3_HAEMATOPOIETIC_AND_LYMPHOID_TISSUE
ACH-000241,JK1_HAEMATOPOIETIC_AND_LYMPHOID_TISSUE
ACH-000645,JL1_PLEURA
ACH-000151,JM1_HAEMATOPOIETIC_AND_LYMPHOID_TISSUE
ACH-000753,JMSU1_URINARY_TRACT
ACH-001532,JMURTK2_SOFT_TISSUE
ACH-001353,JOPACA1_PANCREAS
ACH-001096,JR_SOFT_TISSUE
ACH-002253,JSC1_HAEMATOPOIETIC_AND_LYMPHOID_TISSUE
ACH-000995,JURKAT_HAEMATOPOIETIC_AND_LYMPHOID_TISSUE
ACH-000326,JURLMK1_HAEMATOPOIETIC_AND_LYMPHOID_TISSUE
ACH-002654,JVE015_COLON
ACH-002659,JVE127_COLON
ACH-002664,JVE253_COLON
ACH-000106,JVM2_HAEMATOPOIETIC_AND_LYMPHOID_TISSUE
ACH-000346,JVM3_HAEMATOPOIETIC_AND_LYMPHOID_TISSUE
ACH-000404,K029AX_SKIN
ACH-002147,K2_SKIN
ACH-002148,K5_THYROID
ACH-000551,K562_HAEMATOPOIETIC_AND_LYMPHOID_TISSUE
ACH-000231,KALS1_CENTRAL_NERVOUS_SYSTEM
ACH-002254,KARPAS1106P_HAEMATOPOIETIC_AND_LYMPHOID_TISSUE
ACH-001533,KARPAS1718_HAEMATOPOIETIC_AND_LYMPHOID_TISSUE
ACH-002255,KARPAS231_HAEMATOPOIETIC_AND_LYMPHOID_TISSUE
ACH-000053,KARPAS299_HAEMATOPOIETIC_AND_LYMPHOID_TISSUE
ACH-001097,KARPAS384_HAEMATOPOIETIC_AND_LYMPHOID_TISSUE
ACH-000315,KARPAS422_HAEMATOPOIETIC_AND_LYMPHOID_TISSUE
ACH-002256,KARPAS45_HAEMATOPOIETIC_AND_LYMPHOID_TISSUE
ACH-000193,KARPAS620_HAEMATOPOIETIC_AND_LYMPHOID_TISSUE
ACH-000263,KASUMI1_HAEMATOPOIETIC_AND_LYMPHOID_TISSUE
ACH-000728,KASUMI2_HAEMATOPOIETIC_AND_LYMPHOID_TISSUE
ACH-000166,KASUMI6_HAEMATOPOIETIC_AND_LYMPHOID_TISSUE
ACH-000793,KATOIII_STOMACH
ACH-001098,KCIMOH1_PANCREAS
ACH-000983,KCL22_HAEMATOPOIETIC_AND_LYMPHOID_TISSUE
ACH-001099,KD_SOFT_TISSUE
ACH-000101,KE37_HAEMATOPOIETIC_AND_LYMPHOID_TISSUE
ACH-000507,KE39_STOMACH
ACH-000167,KE97_STOMACH
ACH-000259,KELLY_AUTONOMIC_GANGLIA
ACH-000386,KG1_HAEMATOPOIETIC_AND_LYMPHOID_TISSUE
ACH-000126,KG1C_CENTRAL_NERVOUS_SYSTEM
ACH-002149,KGN_OVARY
ACH-000564,KHM1B_HAEMATOPOIETIC_AND_LYMPHOID_TISSUE
ACH-001100,KHYG_HAEMATOPOIETIC_AND_LYMPHOID_TISSUE
ACH-000773,KIJK_HAEMATOPOIETIC_AND_LYMPHOID_TISSUE
ACH-002257,KINGS1_CENTRAL_NERVOUS_SYSTEM
ACH-001536,KKU100_BILIARY_TRACT
ACH-001538,KKU213_BILIARY_TRACT
ACH-000293,KLE_ENDOMETRIUM
ACH-001101,KLM1_PANCREAS
ACH-000969,KM12_LARGE_INTESTINE
ACH-000862,KMBC2_URINARY_TRACT
ACH-001853,KMCH1_BILIARY_TRACT
ACH-000815,KMH2_HAEMATOPOIETIC_AND_LYMPHOID_TISSUE
ACH-002397,KMH2_THYROID
ACH-001539,KML1_HAEMATOPOIETIC_AND_LYMPHOID_TISSUE
ACH-001540,KMLS1_SOFT_TISSUE
ACH-000889,KMM1_HAEMATOPOIETIC_AND_LYMPHOID_TISSUE
ACH-002258,KMOE2_HAEMATOPOIETIC_AND_LYMPHOID_TISSUE
ACH-000684,KMRC1_KIDNEY
ACH-000709,KMRC2_KIDNEY
ACH-000250,KMRC20_KIDNEY
ACH-000313,KMRC3_KIDNEY
ACH-000714,KMS11_HAEMATOPOIETIC_AND_LYMPHOID_TISSUE
ACH-000380,KMS12BM_HAEMATOPOIETIC_AND_LYMPHOID_TISSUE
ACH-000658,KMS18_HAEMATOPOIETIC_AND_LYMPHOID_TISSUE
ACH-000426,KMS20_HAEMATOPOIETIC_AND_LYMPHOID_TISSUE
ACH-000598,KMS21BM_HAEMATOPOIETIC_AND_LYMPHOID_TISSUE
ACH-000588,KMS26_HAEMATOPOIETIC_AND_LYMPHOID_TISSUE
ACH-000576,KMS27_HAEMATOPOIETIC_AND_LYMPHOID_TISSUE
ACH-000419,KMS28BM_HAEMATOPOIETIC_AND_LYMPHOID_TISSUE
ACH-001541,KMS28PE_HAEMATOPOIETIC_AND_LYMPHOID_TISSUE
ACH-000541,KMS34_HAEMATOPOIETIC_AND_LYMPHOID_TISSUE
ACH-000622,KNS42_CENTRAL_NERVOUS_SYSTEM
ACH-000445,KNS60_CENTRAL_NERVOUS_SYSTEM
ACH-000858,KNS62_LUNG
ACH-000479,KNS81_CENTRAL_NERVOUS_SYSTEM
ACH-002259,KNS81FD_CENTRAL_NERVOUS_SYSTEM
ACH-000498,KO52_HAEMATOPOIETIC_AND_LYMPHOID_TISSUE
ACH-001542,KON_UPPER_AERODIGESTIVE_TRACT
ACH-001106,KOPN8_HAEMATOPOIETIC_AND_LYMPHOID_TISSUE
ACH-001543,KOSC2CL343_UPPER_AERODIGESTIVE_TRACT
ACH-001107,KP1N_PANCREAS
ACH-000281,KP2_PANCREAS
ACH-000108,KP3_PANCREAS
ACH-002669,KP363T_COLON
ACH-000265,KP4_PANCREAS
ACH-000028,KPL1_BREAST
ACH-001109,KPMRTRY_SOFT_TISSUE
ACH-000345,KPNRTBM1_AUTONOMIC_GANGLIA
ACH-000446,KPNSI9S_AUTONOMIC_GANGLIA
ACH-000227,KPNYN_AUTONOMIC_GANGLIA
ACH-002261,KPNYS_AUTONOMIC_GANGLIA
ACH-000631,KS1_CENTRAL_NERVOUS_SYSTEM
ACH-000486,KU1919_URINARY_TRACT
ACH-000074,KU812_HAEMATOPOIETIC_AND_LYMPHOID_TISSUE
ACH-000524,KURAMOCHI_OVARY
ACH-002262,KY821_HAEMATOPOIETIC_AND_LYMPHOID_TISSUE
ACH-001544,KYAE1_OESOPHAGUS
ACH-000607,KYM1_SOFT_TISSUE
ACH-000604,KYO1_HAEMATOPOIETIC_AND_LYMPHOID_TISSUE
ACH-000823,KYSE140_OESOPHAGUS
ACH-000855,KYSE150_OESOPHAGUS
ACH-000693,KYSE180_OESOPHAGUS
ACH-002263,KYSE220_OESOPHAGUS
ACH-000873,KYSE270_OESOPHAGUS
ACH-000777,KYSE30_OESOPHAGUS
ACH-000809,KYSE410_OESOPHAGUS
ACH-000865,KYSE450_OESOPHAGUS
ACH-002264,KYSE50_OESOPHAGUS
ACH-000824,KYSE510_OESOPHAGUS
ACH-000637,KYSE520_OESOPHAGUS
ACH-000784,KYSE70_OESOPHAGUS
ACH-000702,L1236_HAEMATOPOIETIC_AND_LYMPHOID_TISSUE
ACH-000685,L33_PANCREAS
ACH-000183,L363_HAEMATOPOIETIC_AND_LYMPHOID_TISSUE
ACH-000754,L428_HAEMATOPOIETIC_AND_LYMPHOID_TISSUE
ACH-000806,L540_HAEMATOPOIETIC_AND_LYMPHOID_TISSUE
ACH-002351,L542_MATCHED_NORMAL_TISSUE
ACH-001111,L82_HAEMATOPOIETIC_AND_LYMPHOID_TISSUE
ACH-000301,LAMA84_HAEMATOPOIETIC_AND_LYMPHOID_TISSUE
ACH-001354,LAN2_AUTONOMIC_GANGLIA
ACH-001355,LAN6_AUTONOMIC_GANGLIA
ACH-002352,LB1047EBV_MATCHED_NORMAL_TISSUE
ACH-002150,LB1047RCC_KIDNEY
ACH-002353,LB2241EBV_MATCHED_NORMAL_TISSUE
ACH-002151,LB2241RCC_KIDNEY
ACH-002354,LB2518EBV_MATCHED_NORMAL_TISSUE
ACH-002152,LB2518MEL_SKIN
ACH-002355,LB373EBV_MATCHED_NORMAL_TISSUE
ACH-002153,LB373MELD_SKIN
ACH-002356,LB647PBL_MATCHED_NORMAL_TISSUE
ACH-002154,LB647SCLC_LUNG
ACH-002265,LB771HNC_UPPER_AERODIGESTIVE_TRACT
ACH-002357,LB771PBL_MATCHED_NORMAL_TISSUE
ACH-002266,LB831BLC_URINARY_TRACT
ACH-002358,LB831EBV_MATCHED_NORMAL_TISSUE
ACH-002155,LB996RCC_KIDNEY
ACH-000705,LC1F_LUNG
ACH-002156,LC1SQ_LUNG
ACH-001113,LC1SQSF_LUNG
ACH-002157,LC2AD_LUNG
ACH-002267,LC41_HAEMATOPOIETIC_AND_LYMPHOID_TISSUE
ACH-002035,LCAM1_LUNG
ACH-000627,LCLC103H_LUNG
ACH-000596,LCLC97TM1_LUNG
ACH-000471,LI7_LIVER
ACH-000769,LK2_LUNG
ACH-000255,LMSU_STOMACH
ACH-000819,LN18_CENTRAL_NERVOUS_SYSTEM
ACH-000328,LN215_CENTRAL_NERVOUS_SYSTEM
ACH-000595,LN229_CENTRAL_NERVOUS_SYSTEM
ACH-000591,LN235_CENTRAL_NERVOUS_SYSTEM
ACH-000128,LN319_CENTRAL_NERVOUS_SYSTEM
ACH-000634,LN340_CENTRAL_NERVOUS_SYSTEM
ACH-000215,LN382_CENTRAL_NERVOUS_SYSTEM
ACH-002268,LN405_CENTRAL_NERVOUS_SYSTEM
ACH-000455,LN428_CENTRAL_NERVOUS_SYSTEM
ACH-000673,LN443_CENTRAL_NERVOUS_SYSTEM
ACH-000676,LN464_CENTRAL_NERVOUS_SYSTEM
ACH-000977,LNCAPCLONEFGC_PROSTATE
ACH-000760,LNZ308_CENTRAL_NERVOUS_SYSTEM
ACH-002269,LNZTA3WT4_CENTRAL_NERVOUS_SYSTEM
ACH-001547,LO68_LUNG
ACH-000104,LOUCY_HAEMATOPOIETIC_AND_LYMPHOID_TISSUE
ACH-000176,LOUNH91_LUNG
ACH-000950,LOVO_LARGE_INTESTINE
ACH-000750,LOXIMVI_SKIN
ACH-000204,LP1_HAEMATOPOIETIC_AND_LYMPHOID_TISSUE
ACH-001807,LPS067_SOFT_TISSUE
ACH-001799,LPS141_SOFT_TISSUE
ACH-001793,LPS27_SOFT_TISSUE
ACH-001804,LPS510_SOFT_TISSUE
ACH-001791,LPS6_SOFT_TISSUE
ACH-001802,LPS853_SOFT_TISSUE
ACH-001548,LS_AUTONOMIC_GANGLIA
ACH-000252,LS1034_LARGE_INTESTINE
ACH-002376,LS1034_MATCHED_NORMAL_TISSUE
ACH-000501,LS123_LARGE_INTESTINE
ACH-000957,LS180_LARGE_INTESTINE
ACH-000985,LS411N_LARGE_INTESTINE
ACH-000007,LS513_LARGE_INTESTINE
ACH-002051,LU134A_LUNG
ACH-001549,LU135_LUNG
ACH-002052,LU139_LUNG
ACH-002077,LU165_LUNG
ACH-000438,LU65_LUNG
ACH-000444,LU99_LUNG
ACH-002158,LU99A_LUNG
ACH-000390,LUDLU1_LUNG
ACH-000787,LXF289_LUNG
ACH-002325,LY2_BREAST
ACH-002386,M00921_SKIN
ACH-002510,M040416_SKIN
ACH-001118,M059J_CENTRAL_NERVOUS_SYSTEM
ACH-000152,M059K_CENTRAL_NERVOUS_SYSTEM
ACH-000602,M07E_HAEMATOPOIETIC_AND_LYMPHOID_TISSUE
ACH-002387,M1203273_SKIN
ACH-002159,M14_SKIN
ACH-002511,M140325_SKIN
ACH-002338,M980513_SKIN
ACH-001119,MAC2A_HAEMATOPOIETIC_AND_LYMPHOID_TISSUE
ACH-002326,MACLS2_BREAST
ACH-000477,MALME3M_SKIN
ACH-002672,MAPACHS77_PANCREAS
ACH-002485,MAVER1_HAEMATOPOIETIC_AND_LYMPHOID_TISSUE
ACH-001356,MB1_THYROID
ACH-000583,MC116_HAEMATOPOIETIC_AND_LYMPHOID_TISSUE
ACH-000796,MCAS_OVARY
ACH-001550,MCC13_SKIN
ACH-001551,MCC142_SKIN
ACH-001552,MCC26_SKIN
ACH-002270,MCCAR_HAEMATOPOIETIC_AND_LYMPHOID_TISSUE
ACH-001357,MCF10A_BREAST
ACH-002327,MCF12A_BREAST
ACH-000019,MCF7_BREAST
ACH-002160,MCIXC_BONE
ACH-000044,MDAMB134VI_BREAST
ACH-000621,MDAMB157_BREAST
ACH-000759,MDAMB175VII_BREAST
ACH-000768,MDAMB231_BREAST
ACH-001358,MDAMB330_BREAST
ACH-000934,MDAMB361_BREAST
ACH-000876,MDAMB415_BREAST
ACH-000884,MDAMB435S_SKIN
ACH-000573,MDAMB436_BREAST
ACH-000910,MDAMB453_BREAST
ACH-000849,MDAMB468_BREAST
ACH-000952,MDAPCA2B_PROSTATE
ACH-000935,MDST8_LARGE_INTESTINE
ACH-000439,ME1_HAEMATOPOIETIC_AND_LYMPHOID_TISSUE
ACH-001359,ME180_CERVIX
ACH-000405,MEC1_HAEMATOPOIETIC_AND_LYMPHOID_TISSUE
ACH-001121,MEC2_HAEMATOPOIETIC_AND_LYMPHOID_TISSUE
ACH-000072,MEG01_HAEMATOPOIETIC_AND_LYMPHOID_TISSUE
ACH-001554,MEL202_UVEA
ACH-002014,MEL270_UVEA
ACH-002015,MEL285_UVEA
ACH-002016,MEL290_UVEA
ACH-000450,MELHO_SKIN
ACH-000881,MELJUSO_SKIN
ACH-001555,MERO14_PLEURA
ACH-001556,MERO25_PLEURA
ACH-001557,MERO41_PLEURA
ACH-001558,MERO48A_PLEURA
ACH-001559,MERO82_PLEURA
ACH-001560,MERO83_PLEURA
ACH-001561,MERO84_PLEURA
ACH-001562,MERO95_PLEURA
ACH-002486,MESOV_OVARY
ACH-000449,MESSA_SOFT_TISSUE
ACH-002388,MET2B_SKIN
ACH-000987,MEWO_SKIN
ACH-000192,MFE280_ENDOMETRIUM
ACH-000879,MFE296_ENDOMETRIUM
ACH-000988,MFE319_ENDOMETRIUM
ACH-002271,MFHINO_SOFT_TISSUE
ACH-001819,MFM223_BREAST
ACH-000359,MG63_BONE
ACH-000020,MHHCALL2_HAEMATOPOIETIC_AND_LYMPHOID_TISSUE
ACH-000032,MHHCALL3_HAEMATOPOIETIC_AND_LYMPHOID_TISSUE
ACH-000156,MHHCALL4_HAEMATOPOIETIC_AND_LYMPHOID_TISSUE
ACH-000391,MHHES1_BONE
ACH-000078,MHHNB11_AUTONOMIC_GANGLIA
ACH-002272,MHHPREB1_HAEMATOPOIETIC_AND_LYMPHOID_TISSUE
ACH-000601,MIAPACA2_PANCREAS
ACH-000220,MINO_HAEMATOPOIETIC_AND_LYMPHOID_TISSUE
ACH-000077,MJ_HAEMATOPOIETIC_AND_LYMPHOID_TISSUE
ACH-001122,MKL1_SKIN
ACH-001123,MKL2_SKIN
ACH-000351,MKN1_STOMACH
ACH-002161,MKN28_STOMACH
ACH-000356,MKN45_STOMACH
ACH-000678,MKN7_STOMACH
ACH-000758,MKN74_STOMACH
ACH-000058,ML1_THYROID
ACH-002273,ML2_HAEMATOPOIETIC_AND_LYMPHOID_TISSUE
ACH-002274,MLMA_HAEMATOPOIETIC_AND_LYMPHOID_TISSUE
ACH-001563,MM127_SKIN
ACH-002512,MM160113_SKIN
ACH-000763,MM1S_HAEMATOPOIETIC_AND_LYMPHOID_TISSUE
ACH-001970,MM253_SKIN
ACH-001566,MM370_SKIN
ACH-001567,MM383_SKIN
ACH-001568,MM386_SKIN
ACH-001569,MM415_SKIN
ACH-001570,MM426_SKIN
ACH-001973,MM485_SKIN
ACH-002084,MMAC_SKIN
ACH-002162,MMACSF_SKIN
ACH-002275,MN60_HAEMATOPOIETIC_AND_LYMPHOID_TISSUE
ACH-001125,MOGGCCM_CENTRAL_NERVOUS_SYSTEM
ACH-001126,MOGGUVW_CENTRAL_NERVOUS_SYSTEM
ACH-001573,MOLM1_HAEMATOPOIETIC_AND_LYMPHOID_TISSUE
ACH-000362,MOLM13_HAEMATOPOIETIC_AND_LYMPHOID_TISSUE
ACH-001574,MOLM14_HAEMATOPOIETIC_AND_LYMPHOID_TISSUE
ACH-000369,MOLM16_HAEMATOPOIETIC_AND_LYMPHOID_TISSUE
ACH-000321,MOLM6_HAEMATOPOIETIC_AND_LYMPHOID_TISSUE
ACH-000453,MOLP2_HAEMATOPOIETIC_AND_LYMPHOID_TISSUE
ACH-000745,MOLP8_HAEMATOPOIETIC_AND_LYMPHOID_TISSUE
ACH-000795,MOLT13_HAEMATOPOIETIC_AND_LYMPHOID_TISSUE
ACH-000918,MOLT16_HAEMATOPOIETIC_AND_LYMPHOID_TISSUE
ACH-000964,MOLT3_HAEMATOPOIETIC_AND_LYMPHOID_TISSUE
ACH-001127,MOLT4_HAEMATOPOIETIC_AND_LYMPHOID_TISSUE
ACH-001128,MON_SOFT_TISSUE
ACH-001129,MONOMAC1_HAEMATOPOIETIC_AND_LYMPHOID_TISSUE
ACH-000006,MONOMAC6_HAEMATOPOIETIC_AND_LYMPHOID_TISSUE
ACH-000851,MORCPR_LUNG
ACH-002339,MOT_HAEMATOPOIETIC_AND_LYMPHOID_TISSUE
ACH-001130,MOTN1_HAEMATOPOIETIC_AND_LYMPHOID_TISSUE
ACH-002011,MP46_UVEA
ACH-002710,MPNST724_SOFT_TISSUE
ACH-000319,MPP89_PLEURA
ACH-002163,MRKNU1_BREAST
ACH-001958,MS1_LUNG
ACH-001131,MS1_SKIN
ACH-001360,MS751_CERVIX
ACH-000335,MSTO211H_PLEURA
ACH-001132,MTA_HAEMATOPOIETIC_AND_LYMPHOID_TISSUE
ACH-000084,MUTZ3_HAEMATOPOIETIC_AND_LYMPHOID_TISSUE
ACH-000492,MUTZ5_HAEMATOPOIETIC_AND_LYMPHOID_TISSUE
ACH-001577,MUTZ8_HAEMATOPOIETIC_AND_LYMPHOID_TISSUE
ACH-000045,MV411_HAEMATOPOIETIC_AND_LYMPHOID_TISSUE
ACH-002328,MX1_BREAST
ACH-001134,MYLA_HAEMATOPOIETIC_AND_LYMPHOID_TISSUE
ACH-002276,MYM12_HAEMATOPOIETIC_AND_LYMPHOID_TISSUE
ACH-002360,MZ1B_MATCHED_NORMAL_TISSUE
ACH-002164,MZ1PC_PANCREAS
ACH-002165,MZ2MEL_SKIN
ACH-002361,MZ7B_MATCHED_NORMAL_TISSUE
ACH-002166,MZ7MEL_SKIN
ACH-000462,NALM1_HAEMATOPOIETIC_AND_LYMPHOID_TISSUE
ACH-001993,NALM16_HAEMATOPOIETIC_AND_LYMPHOID_TISSUE
ACH-000130,NALM19_HAEMATOPOIETIC_AND_LYMPHOID_TISSUE
ACH-000938,NALM6_HAEMATOPOIETIC_AND_LYMPHOID_TISSUE
ACH-000944,NAMALWA_HAEMATOPOIETIC_AND_LYMPHOID_TISSUE
ACH-000804,NB1_AUTONOMIC_GANGLIA
ACH-002278,NB10_AUTONOMIC_GANGLIA
ACH-002279,NB12_AUTONOMIC_GANGLIA
ACH-002280,NB13_AUTONOMIC_GANGLIA
ACH-002281,NB14_AUTONOMIC_GANGLIA
ACH-001303,NB1643_AUTONOMIC_GANGLIA
ACH-002282,NB17_AUTONOMIC_GANGLIA
ACH-000294,NB4_HAEMATOPOIETIC_AND_LYMPHOID_TISSUE
ACH-002283,NB5_AUTONOMIC_GANGLIA
ACH-002284,NB6_AUTONOMIC_GANGLIA
ACH-002083,NB69_AUTONOMIC_GANGLIA
ACH-002285,NB7_AUTONOMIC_GANGLIA
ACH-002340,NBSUSSR_AUTONOMIC_GANGLIA
ACH-002277,NBTU110_AUTONOMIC_GANGLIA
ACH-002167,NCC010_KIDNEY
ACH-002168,NCC021_KIDNEY
ACH-001578,NCCIT_TESTIS
ACH-000110,NCCSTCK140_STOMACH
ACH-002362,NCIBL128_MATCHED_NORMAL_TISSUE
ACH-002363,NCIBL1395_MATCHED_NORMAL_TISSUE
ACH-002364,NCIBL1437_MATCHED_NORMAL_TISSUE
ACH-002365,NCIBL1770_MATCHED_NORMAL_TISSUE
ACH-002366,NCIBL2009_MATCHED_NORMAL_TISSUE
ACH-002367,NCIBL2052_MATCHED_NORMAL_TISSUE
ACH-002368,NCIBL2087_MATCHED_NORMAL_TISSUE
ACH-002369,NCIBL209_MATCHED_NORMAL_TISSUE
ACH-002370,NCIBL2122_MATCHED_NORMAL_TISSUE
ACH-002371,NCIBL2126_MATCHED_NORMAL_TISSUE
ACH-002372,NCIBL2171_MATCHED_NORMAL_TISSUE
ACH-000866,NCIH1048_LUNG
ACH-000514,NCIH1092_LUNG
ACH-000780,NCIH1105_LUNG
ACH-000980,NCIH1155_LUNG
ACH-000523,NCIH1184_LUNG
ACH-002286,NCIH128_LUNG
ACH-000510,NCIH1299_LUNG
ACH-002169,NCIH1304_LUNG
ACH-000129,NCIH1341_LUNG
ACH-000666,NCIH1355_LUNG
ACH-000845,NCIH1373_LUNG
ACH-000737,NCIH1385_LUNG
ACH-000327,NCIH1395_LUNG
ACH-001591,NCIH1417_LUNG
ACH-000852,NCIH1435_LUNG
ACH-000830,NCIH1436_LUNG
ACH-000589,NCIH1437_LUNG
ACH-000506,NCIH146_LUNG
ACH-000892,NCIH1563_LUNG
ACH-000869,NCIH1568_LUNG
ACH-000916,NCIH1573_LUNG
ACH-000921,NCIH157DM_LUNG
ACH-000015,NCIH1581_LUNG
ACH-000179,NCIH1618_LUNG
ACH-000744,NCIH1623_LUNG
ACH-000766,NCIH1648_LUNG
ACH-000035,NCIH1650_LUNG
ACH-000893,NCIH1651_LUNG
ACH-000448,NCIH1666_LUNG
ACH-002170,NCIH1688_LUNG
ACH-000021,NCIH1693_LUNG
ACH-000431,NCIH1694_LUNG
ACH-000747,NCIH1703_LUNG
ACH-000675,NCIH1734_LUNG
ACH-000282,NCIH1755_LUNG
ACH-001362,NCIH1770_LUNG
ACH-000379,NCIH1781_LUNG
ACH-000496,NCIH1792_LUNG
ACH-000888,NCIH1793_LUNG
ACH-000033,NCIH1819_LUNG
ACH-000559,NCIH1836_LUNG
ACH-000733,NCIH1838_LUNG
ACH-000894,NCIH1869_LUNG
ACH-001136,NCIH187_LUNG
ACH-000586,NCIH1876_LUNG
ACH-000434,NCIH1915_LUNG
ACH-000870,NCIH1930_LUNG
ACH-000414,NCIH1944_LUNG
ACH-000752,NCIH196_LUNG
ACH-000729,NCIH1963_LUNG
ACH-000587,NCIH1975_LUNG
ACH-001137,NCIH1993_LUNG
ACH-000533,NCIH2004RT_SOFT_TISSUE
ACH-000886,NCIH2009_LUNG
ACH-000781,NCIH2023_LUNG
ACH-000298,NCIH2029_LUNG
ACH-000521,NCIH2030_LUNG
ACH-000153,NCIH2052_PLEURA
ACH-000727,NCIH2066_LUNG
ACH-000590,NCIH2073_LUNG
ACH-000394,NCIH2081_LUNG
ACH-000451,NCIH2085_LUNG
ACH-000841,NCIH2087_LUNG
ACH-000290,NCIH209_LUNG
ACH-000904,NCIH2106_LUNG
ACH-000639,NCIH211_LUNG
ACH-000929,NCIH2110_LUNG
ACH-000311,NCIH2122_LUNG
ACH-000785,NCIH2126_LUNG
ACH-001363,NCIH2135_LUNG
ACH-001138,NCIH2141_LUNG
ACH-000481,NCIH2170_LUNG
ACH-000525,NCIH2171_LUNG
ACH-000924,NCIH2172_LUNG
ACH-000399,NCIH2196_LUNG
ACH-000610,NCIH2227_LUNG
ACH-000447,NCIH2228_LUNG
ACH-000367,NCIH226_LUNG
ACH-000912,NCIH2286_LUNG
ACH-000718,NCIH2291_LUNG
ACH-000900,NCIH23_LUNG
ACH-000951,NCIH2342_LUNG
ACH-000875,NCIH2347_LUNG
ACH-002124,NCIH2373_PLEURA
ACH-000121,NCIH2405_LUNG
ACH-000186,NCIH2444_LUNG
ACH-000092,NCIH2452_PLEURA
ACH-002125,NCIH2461_PLEURA
ACH-002171,NCIH250_LUNG
ACH-002126,NCIH2591_PLEURA
ACH-002127,NCIH2595_PLEURA
ACH-002128,NCIH2722_PLEURA
ACH-002129,NCIH2731_PLEURA
ACH-002130,NCIH2795_PLEURA
ACH-000648,NCIH28_PLEURA
ACH-002131,NCIH2803_PLEURA
ACH-002132,NCIH2804_PLEURA
ACH-002133,NCIH2810_PLEURA
ACH-002134,NCIH2818_PLEURA
ACH-002135,NCIH2869_PLEURA
ACH-000700,NCIH2882_LUNG
ACH-000251,NCIH2887_LUNG
ACH-001075,NCIH292_LUNG
ACH-000337,NCIH3122_LUNG
ACH-000837,NCIH322_LUNG
ACH-002172,NCIH322M_LUNG
ACH-000109,NCIH3255_LUNG
ACH-001364,NCIH345_LUNG
ACH-000860,NCIH358_LUNG
ACH-002173,NCIH378_LUNG
ACH-000638,NCIH441_LUNG
ACH-000800,NCIH446_LUNG
ACH-000463,NCIH460_LUNG
ACH-000360,NCIH508_LARGE_INTESTINE
ACH-000871,NCIH510_LUNG
ACH-000395,NCIH520_LUNG
ACH-000343,NCIH522_LUNG
ACH-000816,NCIH524_LUNG
ACH-000767,NCIH526_LUNG
ACH-000628,NCIH596_LUNG
ACH-002287,NCIH630_LARGE_INTESTINE
ACH-001599,NCIH64_LUNG
ACH-000378,NCIH647_LUNG
ACH-000945,NCIH650_LUNG
ACH-000177,NCIH660_PROSTATE
ACH-000853,NCIH661_LUNG
ACH-000089,NCIH684_LARGE_INTESTINE
ACH-000358,NCIH69_LUNG
ACH-000491,NCIH716_LARGE_INTESTINE
ACH-002174,NCIH720_LUNG
ACH-000775,NCIH727_LUNG
ACH-002175,NCIH740_LUNG
ACH-000403,NCIH747_LARGE_INTESTINE
ACH-003071,NCIH748_LUNG
ACH-000789,NCIH810_LUNG
ACH-000355,NCIH82_LUNG
ACH-002177,NCIH835_LUNG
ACH-000416,NCIH838_LUNG
ACH-000292,NCIH841_LUNG
ACH-001365,NCIH847_LUNG
ACH-000710,NCIH854_LUNG
ACH-000297,NCIH889_LUNG
ACH-000050,NCIH929_HAEMATOPOIETIC_AND_LYMPHOID_TISSUE
ACH-000427,NCIN87_STOMACH
ACH-000076,NCO2_HAEMATOPOIETIC_AND_LYMPHOID_TISSUE
ACH-002288,NEC8_TESTIS
ACH-001366,NGP_AUTONOMIC_GANGLIA
ACH-001603,NH12_AUTONOMIC_GANGLIA
ACH-000203,NH6_AUTONOMIC_GANGLIA
ACH-001142,NHAHTDD_PRIMARY
ACH-000001,NIHOVCAR3_OVARY
ACH-002289,NK92MI_HAEMATOPOIETIC_AND_LYMPHOID_TISSUE
ACH-001143,NKL_HAEMATOPOIETIC_AND_LYMPHOID_TISSUE
ACH-002290,NKM1_HAEMATOPOIETIC_AND_LYMPHOID_TISSUE
ACH-001367,NMB_AUTONOMIC_GANGLIA
ACH-000200,NMCG1_CENTRAL_NERVOUS_SYSTEM
ACH-001605,NO10_CENTRAL_NERVOUS_SYSTEM
ACH-001606,NO11_CENTRAL_NERVOUS_SYSTEM
ACH-001977,NO36_LUNG
ACH-000168,NOMO1_HAEMATOPOIETIC_AND_LYMPHOID_TISSUE
ACH-002067,NOS1_BONE
ACH-001607,NOZ_LIVER
ACH-001608,NP2_CENTRAL_NERVOUS_SYSTEM
ACH-001609,NP3_CENTRAL_NERVOUS_SYSTEM
ACH-001610,NP5_CENTRAL_NERVOUS_SYSTEM
ACH-001611,NP8_CENTRAL_NERVOUS_SYSTEM
ACH-002291,NTERA2CLD1_TESTIS
ACH-000388,NUDHL1_HAEMATOPOIETIC_AND_LYMPHOID_TISSUE
ACH-000287,NUDUL1_HAEMATOPOIETIC_AND_LYMPHOID_TISSUE
ACH-000761,NUGC2_STOMACH
ACH-000911,NUGC3_STOMACH
ACH-000674,NUGC4_STOMACH
ACH-002178,NY_BONE
ACH-001982,NZM3_SKIN
ACH-001986,NZM42_SKIN
ACH-001990,NZM7_SKIN
ACH-001991,NZOV9_OVARY
ACH-001368,OACM51_OESOPHAGUS
ACH-002292,OACP4C_OESOPHAGUS
ACH-000116,OAW28_OVARY
ACH-000704,OAW42_OVARY
ACH-000962,OC314_OVARY
ACH-001144,OC315_OVARY
ACH-001145,OC316_OVARY
ACH-000113,OCIAML2_HAEMATOPOIETIC_AND_LYMPHOID_TISSUE
ACH-000336,OCIAML3_HAEMATOPOIETIC_AND_LYMPHOID_TISSUE
ACH-001613,OCIAML4_HAEMATOPOIETIC_AND_LYMPHOID_TISSUE
ACH-000065,OCIAML5_HAEMATOPOIETIC_AND_LYMPHOID_TISSUE
ACH-001719,OCIC4P_OVARY
ACH-001369,OCIC5X_OVARY
ACH-001146,OCILY10_HAEMATOPOIETIC_AND_LYMPHOID_TISSUE
ACH-001147,OCILY12_HAEMATOPOIETIC_AND_LYMPHOID_TISSUE
ACH-001148,OCILY132_HAEMATOPOIETIC_AND_LYMPHOID_TISSUE
ACH-001616,OCILY18_HAEMATOPOIETIC_AND_LYMPHOID_TISSUE
ACH-000124,OCILY19_HAEMATOPOIETIC_AND_LYMPHOID_TISSUE
ACH-000158,OCILY3_HAEMATOPOIETIC_AND_LYMPHOID_TISSUE
ACH-001617,OCILY7_HAEMATOPOIETIC_AND_LYMPHOID_TISSUE
ACH-000751,OCIM1_HAEMATOPOIETIC_AND_LYMPHOID_TISSUE
ACH-001618,OCIM2_HAEMATOPOIETIC_AND_LYMPHOID_TISSUE
ACH-000854,OCIMY5_HAEMATOPOIETIC_AND_LYMPHOID_TISSUE
ACH-000436,OCIMY7_HAEMATOPOIETIC_AND_LYMPHOID_TISSUE
ACH-001370,OCIP5X_OVARY
ACH-002179,OCUBM_BREAST
ACH-001619,OCUG1_BILIARY_TRACT
ACH-000247,OCUM1_STOMACH
ACH-000679,OE19_OESOPHAGUS
ACH-000544,OE21_OESOPHAGUS
ACH-000383,OE33_OESOPHAGUS
ACH-000494,OELE_OVARY
ACH-002180,OMC1_CERVIX
ACH-002017,OMM1_UVEA
ACH-002018,OMM25_UVEA
ACH-000013,ONCODG1_OVARY
ACH-001622,ONDA7_CENTRAL_NERVOUS_SYSTEM
ACH-001623,ONDA8_CENTRAL_NERVOUS_SYSTEM
ACH-001624,ONDA9_CENTRAL_NERVOUS_SYSTEM
ACH-001992,ONE58_LUNG
ACH-000776,ONS76_CENTRAL_NERVOUS_SYSTEM
ACH-000057,OPM1_HAEMATOPOIETIC_AND_LYMPHOID_TISSUE
ACH-000024,OPM2_HAEMATOPOIETIC_AND_LYMPHOID_TISSUE
ACH-001814,OS252_BONE
ACH-001625,OSC19_UPPER_AERODIGESTIVE_TRACT
ACH-001626,OSC20_UPPER_AERODIGESTIVE_TRACT
ACH-000159,OSRC2_KIDNEY
ACH-000296,OUMS23_LARGE_INTESTINE
ACH-001150,OUMS27_BONE
ACH-001373,OV17R_OVARY
ACH-000091,OV56_OVARY
ACH-000688,OV7_OVARY
ACH-000291,OV90_OVARY
ACH-002181,OVCA420_OVARY
ACH-002182,OVCA433_OVARY
ACH-000617,OVCAR4_OVARY
ACH-001151,OVCAR5_OVARY
ACH-000696,OVCAR8_OVARY
ACH-000527,OVISE_OVARY
ACH-000947,OVK18_OVARY
ACH-000443,OVKATE_OVARY
ACH-000646,OVMANA_OVARY
ACH-002183,OVMIU_OVARY
ACH-000409,OVSAHO_OVARY
ACH-000663,OVTOKO_OVARY
ACH-000372,P12ICHIKAWA_HAEMATOPOIETIC_AND_LYMPHOID_TISSUE
ACH-002061,P2URK562_HAEMATOPOIETIC_AND_LYMPHOID_TISSUE
ACH-002059,P30OHK_HAEMATOPOIETIC_AND_LYMPHOID_TISSUE
ACH-000770,P31FUJ_HAEMATOPOIETIC_AND_LYMPHOID_TISSUE
ACH-002293,P32ISH_HAEMATOPOIETIC_AND_LYMPHOID_TISSUE
ACH-000707,P3HR1_HAEMATOPOIETIC_AND_LYMPHOID_TISSUE
ACH-001627,P4E6_PROSTATE
ACH-001374,PA1_OVARY
ACH-001375,PACADD119_PANCREAS
ACH-001376,PACADD135_PANCREAS
ACH-001377,PACADD137_PANCREAS
ACH-001378,PACADD159_PANCREAS
ACH-001379,PACADD161_PANCREAS
ACH-001380,PACADD165_PANCREAS
ACH-001382,PACADD188_PANCREAS
ACH-000042,PANC0203_PANCREAS
ACH-000031,PANC0213_PANCREAS
ACH-000139,PANC0327_PANCREAS
ACH-000235,PANC0403_PANCREAS
ACH-000093,PANC0504_PANCREAS
ACH-000417,PANC0813_PANCREAS
ACH-000164,PANC1_PANCREAS
ACH-000060,PANC1005_PANCREAS
ACH-000599,PATU8902_PANCREAS
ACH-000022,PATU8988S_PANCREAS
ACH-000023,PATU8988T_PANCREAS
ACH-000030,PC14_LUNG
ACH-000090,PC3_PROSTATE
ACH-002184,PC3JPC3_LUNG
ACH-000779,PC9_LUNG
ACH-002294,PCI15A_UPPER_AERODIGESTIVE_TRACT
ACH-002295,PCI30_UPPER_AERODIGESTIVE_TRACT
ACH-002296,PCI38_UPPER_AERODIGESTIVE_TRACT
ACH-002297,PCI4B_UPPER_AERODIGESTIVE_TRACT
ACH-002298,PCI6A_UPPER_AERODIGESTIVE_TRACT
ACH-001162,PCM6_HAEMATOPOIETIC_AND_LYMPHOID_TISSUE
ACH-001628,PEA1_OVARY
ACH-000619,PECAPJ15_UPPER_AERODIGESTIVE_TRACT
ACH-000606,PECAPJ34CLONEC12_UPPER_AERODIGESTIVE_TRACT
ACH-000732,PECAPJ41CLONED2_UPPER_AERODIGESTIVE_TRACT
ACH-000735,PECAPJ49_UPPER_AERODIGESTIVE_TRACT
ACH-001163,PEDS005TSUSP_KIDNEY
ACH-000519,PEER_HAEMATOPOIETIC_AND_LYMPHOID_TISSUE
ACH-001630,PEO1_OVARY
ACH-001632,PEO4_OVARY
ACH-001170,PETA_SKIN
ACH-000937,PF382_HAEMATOPOIETIC_AND_LYMPHOID_TISSUE
ACH-000140,PFEIFFER_HAEMATOPOIETIC_AND_LYMPHOID_TISSUE
ACH-001711,PFSK1_CENTRAL_NERVOUS_SYSTEM
ACH-001634,PGA1_HAEMATOPOIETIC_AND_LYMPHOID_TISSUE
ACH-000307,PK1_PANCREAS
ACH-000468,PK45H_PANCREAS
ACH-000205,PK59_PANCREAS
ACH-002039,PK8_PANCREAS
ACH-002185,PL18_PANCREAS
ACH-000218,PL21_HAEMATOPOIETIC_AND_LYMPHOID_TISSUE
ACH-002186,PL4_PANCREAS
ACH-001171,PL45_PANCREAS
ACH-000034,PLB985_HAEMATOPOIETIC_AND_LYMPHOID_TISSUE
ACH-001318,PLCPRF5_LIVER
ACH-000170,PRECLH_PROSTATE
ACH-000320,PSN1_PANCREAS
ACH-002471,PSS008_BONE
ACH-002834,PSS131R_Osteosarcoma
ACH-001383,PWR1E_PROSTATE
ACH-000347,QGP1_PANCREAS
ACH-002299,QIMRWIL_HAEMATOPOIETIC_AND_LYMPHOID_TISSUE
ACH-000654,RAJI_HAEMATOPOIETIC_AND_LYMPHOID_TISSUE
ACH-001636,RAMOS_HAEMATOPOIETIC_AND_LYMPHOID_TISSUE
ACH-002300,RAMOS2G64C10_HAEMATOPOIETIC_AND_LYMPHOID_TISSUE
ACH-001856,RBE_BILIARY_TRACT
ACH-001743,RC2_SOFT_TISSUE
ACH-000189,RCC10RGB_KIDNEY
ACH-001175,RCC4_KIDNEY
ACH-002187,RCCAB_KIDNEY
ACH-002188,RCCER_KIDNEY
ACH-002189,RCCFG2_KIDNEY
ACH-002190,RCCJF_KIDNEY
ACH-002191,RCCJW_KIDNEY
ACH-002192,RCCMF_KIDNEY
ACH-000922,RCHACV_HAEMATOPOIETIC_AND_LYMPHOID_TISSUE
ACH-001638,RCK8_HAEMATOPOIETIC_AND_LYMPHOID_TISSUE
ACH-000565,RCM1_LARGE_INTESTINE
ACH-000169,RD_SOFT_TISSUE
ACH-000041,RDES_BONE
ACH-000068,REC1_HAEMATOPOIETIC_AND_LYMPHOID_TISSUE
ACH-000960,REH_HAEMATOPOIETIC_AND_LYMPHOID_TISSUE
ACH-000144,RERFGC1B_STOMACH
ACH-000791,RERFLCAD1_LUNG
ACH-000774,RERFLCAD2_LUNG
ACH-000261,RERFLCAI_LUNG
ACH-002193,RERFLCFM_LUNG
ACH-000482,RERFLCKJ_LUNG
ACH-000062,RERFLCMS_LUNG
ACH-000442,RERFLCSQ1_LUNG
ACH-002301,RF48_HAEMATOPOIETIC_AND_LYMPHOID_TISSUE
ACH-000689,RH18_SOFT_TISSUE
ACH-001740,RH28_SOFT_TISSUE
ACH-000833,RH30_SOFT_TISSUE
ACH-001751,RH36_SOFT_TISSUE
ACH-001765,RH4_SOFT_TISSUE
ACH-000100,RH41_SOFT_TISSUE
ACH-001745,RHJT_SOFT_TISSUE
ACH-000398,RI1_HAEMATOPOIETIC_AND_LYMPHOID_TISSUE
ACH-000505,RKN_SOFT_TISSUE
ACH-000943,RKO_LARGE_INTESTINE
ACH-000371,RL_HAEMATOPOIETIC_AND_LYMPHOID_TISSUE
ACH-000965,RL952_ENDOMETRIUM
ACH-000719,RMGI_OVARY
ACH-002048,RMSYM_SOFT_TISSUE
ACH-000701,RMUGS_OVARY
ACH-001384,RO82W1_THYROID
ACH-001639,ROS50_HAEMATOPOIETIC_AND_LYMPHOID_TISSUE
ACH-002466,RPE1SS111_ENGINEERED
ACH-002465,RPE1SS119_ENGINEERED
ACH-002462,RPE1SS48_ENGINEERED
ACH-002467,RPE1SS51_ENGINEERED
ACH-002464,RPE1SS6_ENGINEERED
ACH-002463,RPE1SS77_ENGINEERED
ACH-001385,RPMI2650_UPPER_AERODIGESTIVE_TRACT
ACH-001182,RPMI6666_HAEMATOPOIETIC_AND_LYMPHOID_TISSUE
ACH-000348,RPMI7951_SKIN
ACH-000817,RPMI8226_HAEMATOPOIETIC_AND_LYMPHOID_TISSUE
ACH-000636,RPMI8402_HAEMATOPOIETIC_AND_LYMPHOID_TISSUE
ACH-002302,RPMI8866_HAEMATOPOIETIC_AND_LYMPHOID_TISSUE
ACH-000874,RS411_HAEMATOPOIETIC_AND_LYMPHOID_TISSUE
ACH-000531,RS5_FIBROBLAST
ACH-000473,RT112_URINARY_TRACT
ACH-001183,RT11284_URINARY_TRACT
ACH-000242,RT4_URINARY_TRACT
ACH-000614,RVH421_SKIN
ACH-002461,RVH421_SKIN_FV1_RESISTANT
ACH-002195,RXF393_KIDNEY
ACH-000037,S117_THYROID
ACH-002693,S462_SOFT_TISSUE
ACH-000064,SALE_LUNG
ACH-000410,SAOS2_BONE
ACH-002029,SAS_UPPER_AERODIGESTIVE_TRACT
ACH-001641,SAT_UPPER_AERODIGESTIVE_TRACT
ACH-002196,SBC1_LUNG
ACH-002197,SBC3_LUNG
ACH-000670,SBC5_LUNG
ACH-002392,SC1_HAEMATOPOIETIC_AND_LYMPHOID_TISSUE
ACH-000839,SCABER_URINARY_TRACT
ACH-000254,SCC15_UPPER_AERODIGESTIVE_TRACT
ACH-000188,SCC25_UPPER_AERODIGESTIVE_TRACT
ACH-001642,SCC3_HAEMATOPOIETIC_AND_LYMPHOID_TISSUE
ACH-000238,SCC4_UPPER_AERODIGESTIVE_TRACT
ACH-000181,SCC9_UPPER_AERODIGESTIVE_TRACT
ACH-001279,SCCOHT1_OVARY
ACH-002198,SCH_STOMACH
ACH-000659,SCLC21H_LUNG
ACH-001386,SCLC22H_LUNG
ACH-001184,SCMCRM2_SOFT_TISSUE
ACH-001280,SCS214_SOFT_TISSUE
ACH-001645,SEKI_SKIN
ACH-000782,SEM_HAEMATOPOIETIC_AND_LYMPHOID_TISSUE
ACH-001735,SEMK2_HAEMATOPOIETIC_AND_LYMPHOID_TISSUE
ACH-000195,SET2_HAEMATOPOIETIC_AND_LYMPHOID_TISSUE
ACH-000609,SF126_CENTRAL_NERVOUS_SYSTEM
ACH-000887,SF172_CENTRAL_NERVOUS_SYSTEM
ACH-000655,SF268_CENTRAL_NERVOUS_SYSTEM
ACH-000376,SF295_CENTRAL_NERVOUS_SYSTEM
ACH-000273,SF539_CENTRAL_NERVOUS_SYSTEM
ACH-000490,SF767_CENTRAL_NERVOUS_SYSTEM
ACH-001857,SG231_BILIARY_TRACT
ACH-000764,SH10TC_STOMACH
ACH-000441,SH4_SKIN
ACH-001647,SHI1_HAEMATOPOIETIC_AND_LYMPHOID_TISSUE
ACH-001648,SHMAC4_PROSTATE
ACH-001649,SHMAC5_PROSTATE
ACH-000790,SHP77_LUNG
ACH-001188,SHSY5Y_AUTONOMIC_GANGLIA
ACH-000112,SIGM5_HAEMATOPOIETIC_AND_LYMPHOID_TISSUE
ACH-000556,SIHA_CERVIX
ACH-000099,SIMA_AUTONOMIC_GANGLIA
ACH-001650,SISO_CERVIX
ACH-001189,SJRH30_SOFT_TISSUE
ACH-000748,SJSA1_BONE
ACH-000017,SKBR3_BREAST
ACH-002329,SKBR5_BREAST
ACH-002330,SKBR7_BREAST
ACH-000400,SKCO1_LARGE_INTESTINE
ACH-000087,SKES1_BONE
ACH-001651,SKGI_ENDOMETRIUM
ACH-001652,SKGII_ENDOMETRIUM
ACH-002020,SKGIIIA_CERVIX
ACH-001653,SKGT2_STOMACH
ACH-001654,SKGT4_OESOPHAGUS
ACH-000361,SKHEP1_LIVER
ACH-000145,SKLMS1_SOFT_TISSUE
ACH-000309,SKLU1_LUNG
ACH-000373,SKM1_HAEMATOPOIETIC_AND_LYMPHOID_TISSUE
ACH-000465,SKMEL1_SKIN
ACH-002005,SKMEL19_SKIN
ACH-001190,SKMEL2_SKIN
ACH-000822,SKMEL24_SKIN
ACH-000615,SKMEL28_SKIN
ACH-000423,SKMEL3_SKIN
ACH-000810,SKMEL30_SKIN
ACH-000640,SKMEL31_SKIN
ACH-000730,SKMEL5_SKIN
ACH-000665,SKMES1_LUNG
ACH-002304,SKMG1_CENTRAL_NERVOUS_SYSTEM
ACH-000363,SKMM2_HAEMATOPOIETIC_AND_LYMPHOID_TISSUE
ACH-001655,SKN_ENDOMETRIUM
ACH-002305,SKN3_UPPER_AERODIGESTIVE_TRACT
ACH-000260,SKNAS_AUTONOMIC_GANGLIA
ACH-000312,SKNBE2_AUTONOMIC_GANGLIA
ACH-000366,SKNDZ_AUTONOMIC_GANGLIA
ACH-001192,SKNEP1_BONE
ACH-000341,SKNFI_AUTONOMIC_GANGLIA
ACH-000039,SKNMC_BONE
ACH-002922,SKNMM_BRAIN_BONE
ACH-001656,SKNO1_HAEMATOPOIETIC_AND_LYMPHOID_TISSUE
ACH-000149,SKNSH_AUTONOMIC_GANGLIA
ACH-000811,SKOV3_OVARY
ACH-001193,SKPNDW_BONE
ACH-000385,SKRC20_KIDNEY
ACH-001194,SKRC31_KIDNEY
ACH-000939,SKUT1_SOFT_TISSUE
ACH-000127,SLR20_KIDNEY
ACH-000016,SLR21_KIDNEY
ACH-000246,SLR23_KIDNEY
ACH-000272,SLR24_KIDNEY
ACH-000300,SLR25_KIDNEY
ACH-000600,SLR26_KIDNEY
ACH-002062,SLVL_HAEMATOPOIETIC_AND_LYMPHOID_TISSUE
ACH-001196,SMSCTR_SOFT_TISSUE
ACH-001197,SMZ1_HAEMATOPOIETIC_AND_LYMPHOID_TISSUE
ACH-002199,SN12C_KIDNEY
ACH-001198,SNB19_CENTRAL_NERVOUS_SYSTEM
ACH-000504,SNB75_CENTRAL_NERVOUS_SYSTEM
ACH-000974,SNGM_ENDOMETRIUM
ACH-000932,SNU1_STOMACH
ACH-000286,SNU1033_LARGE_INTESTINE
ACH-000999,SNU1040_LARGE_INTESTINE
ACH-000618,SNU1041_UPPER_AERODIGESTIVE_TRACT
ACH-000682,SNU1066_UPPER_AERODIGESTIVE_TRACT
ACH-000549,SNU1076_UPPER_AERODIGESTIVE_TRACT
ACH-000302,SNU1077_ENDOMETRIUM
ACH-000209,SNU1079_BILIARY_TRACT
ACH-000368,SNU1105_CENTRAL_NERVOUS_SYSTEM
ACH-000635,SNU119_OVARY
ACH-000461,SNU1196_BILIARY_TRACT
ACH-000412,SNU1197_LARGE_INTESTINE
ACH-000715,SNU1214_UPPER_AERODIGESTIVE_TRACT
ACH-000513,SNU1272_KIDNEY
ACH-002526,SNU1327_LUNG
ACH-001786,SNU1544_LARGE_INTESTINE
ACH-000581,SNU16_STOMACH
ACH-000989,SNU175_LARGE_INTESTINE
ACH-000483,SNU182_LIVER
ACH-000623,SNU201_CENTRAL_NERVOUS_SYSTEM
ACH-000266,SNU213_PANCREAS
ACH-000466,SNU216_STOMACH
ACH-000268,SNU245_BILIARY_TRACT
ACH-002531,SNU2535_LUNG
ACH-000708,SNU283_LARGE_INTESTINE
ACH-000141,SNU308_BILIARY_TRACT
ACH-000933,SNU324_PANCREAS
ACH-000907,SNU349_KIDNEY
ACH-000478,SNU387_LIVER
ACH-000221,SNU398_LIVER
ACH-000955,SNU407_LARGE_INTESTINE
ACH-000517,SNU410_PANCREAS
ACH-000493,SNU423_LIVER
ACH-000420,SNU449_LIVER
ACH-000500,SNU46_UPPER_AERODIGESTIVE_TRACT
ACH-000289,SNU466_CENTRAL_NERVOUS_SYSTEM
ACH-000422,SNU475_LIVER
ACH-000377,SNU478_BILIARY_TRACT
ACH-000543,SNU489_CENTRAL_NERVOUS_SYSTEM
ACH-000303,SNU5_STOMACH
ACH-000683,SNU503_LARGE_INTESTINE
ACH-000908,SNU520_STOMACH
ACH-000736,SNU601_STOMACH
ACH-000532,SNU61_LARGE_INTESTINE
ACH-000325,SNU620_STOMACH
ACH-000370,SNU626_CENTRAL_NERVOUS_SYSTEM
ACH-001664,SNU638_STOMACH
ACH-000344,SNU668_STOMACH
ACH-000407,SNU685_ENDOMETRIUM
ACH-000898,SNU719_STOMACH
ACH-000807,SNU738_CENTRAL_NERVOUS_SYSTEM
ACH-002523,SNU739_LIVER
ACH-000537,SNU761_LIVER
ACH-000460,SNU8_OVARY
ACH-000991,SNU81_LARGE_INTESTINE
ACH-000280,SNU840_OVARY
ACH-000182,SNU869_BILIARY_TRACT
ACH-000686,SNU878_LIVER
ACH-000316,SNU886_LIVER
ACH-000692,SNU899_UPPER_AERODIGESTIVE_TRACT
ACH-000722,SNUC1_LARGE_INTESTINE
ACH-000967,SNUC2A_LARGE_INTESTINE
ACH-001199,SNUC2B_LARGE_INTESTINE
ACH-000959,SNUC4_LARGE_INTESTINE
ACH-000970,SNUC5_LARGE_INTESTINE
ACH-000553,SQ1_LUNG
ACH-000338,SR786_HAEMATOPOIETIC_AND_LYMPHOID_TISSUE
ACH-002334,SS1A_SOFT_TISSUE
ACH-001858,SSP25_BILIARY_TRACT
ACH-000567,ST486_HAEMATOPOIETIC_AND_LYMPHOID_TISSUE
ACH-001200,STM9101_SOFT_TISSUE
ACH-002306,STS0421_SOFT_TISSUE
ACH-000114,SU8686_PANCREAS
ACH-000664,SUDHL1_HAEMATOPOIETIC_AND_LYMPHOID_TISSUE
ACH-000271,SUDHL10_HAEMATOPOIETIC_AND_LYMPHOID_TISSUE
ACH-002307,SUDHL16_HAEMATOPOIETIC_AND_LYMPHOID_TISSUE
ACH-000365,SUDHL4_HAEMATOPOIETIC_AND_LYMPHOID_TISSUE
ACH-000660,SUDHL5_HAEMATOPOIETIC_AND_LYMPHOID_TISSUE
ACH-000611,SUDHL6_HAEMATOPOIETIC_AND_LYMPHOID_TISSUE
ACH-000656,SUDHL8_HAEMATOPOIETIC_AND_LYMPHOID_TISSUE
ACH-000652,SUIT2_PANCREAS
ACH-001388,SUM102PT_BREAST
ACH-001389,SUM1315MO2_BREAST
ACH-001390,SUM149PT_BREAST
ACH-001391,SUM159PT_BREAST
ACH-001392,SUM185PE_BREAST
ACH-001393,SUM190PT_BREAST
ACH-001397,SUM225CWN_BREAST
ACH-001394,SUM229PE_BREAST
ACH-001395,SUM44PE_BREAST
ACH-001396,SUM52PE_BREAST
ACH-001201,SUMB002_CENTRAL_NERVOUS_SYSTEM
ACH-000059,SUPB15_HAEMATOPOIETIC_AND_LYMPHOID_TISSUE
ACH-002308,SUPB8_HAEMATOPOIETIC_AND_LYMPHOID_TISSUE
ACH-001203,SUPHD1_HAEMATOPOIETIC_AND_LYMPHOID_TISSUE
ACH-000226,SUPM2_HAEMATOPOIETIC_AND_LYMPHOID_TISSUE
ACH-000953,SUPT1_HAEMATOPOIETIC_AND_LYMPHOID_TISSUE
ACH-000122,SUPT11_HAEMATOPOIETIC_AND_LYMPHOID_TISSUE
ACH-001668,SUSA_TESTIS
ACH-000437,SW1088_CENTRAL_NERVOUS_SYSTEM
ACH-000489,SW1116_LARGE_INTESTINE
ACH-000890,SW1271_LUNG
ACH-001401,SW13_ADRENAL_CORTEX
ACH-000418,SW1353_BONE
ACH-000236,SW1417_LARGE_INTESTINE
ACH-000470,SW1463_LARGE_INTESTINE
ACH-001398,SW156_KIDNEY
ACH-000677,SW1573_LUNG
ACH-000566,SW1710_URINARY_TRACT
ACH-000883,SW1783_CENTRAL_NERVOUS_SYSTEM
ACH-000155,SW1990_PANCREAS
ACH-000820,SW403_LARGE_INTESTINE
ACH-000958,SW48_LARGE_INTESTINE
ACH-000842,SW480_LARGE_INTESTINE
ACH-001825,SW527_LARGE_INTESTINE
ACH-000163,SW579_THYROID
ACH-000651,SW620_LARGE_INTESTINE
ACH-001399,SW626_LARGE_INTESTINE
ACH-002309,SW684_SOFT_TISSUE
ACH-001402,SW756_CERVIX
ACH-000384,SW780_URINARY_TRACT
ACH-000421,SW837_LARGE_INTESTINE
ACH-002310,SW872_SOFT_TISSUE
ACH-000669,SW900_LUNG
ACH-000680,SW948_LARGE_INTESTINE
ACH-001400,SW954_CERVIX
ACH-002200,SW962_VULVA
ACH-001274,SW982_SOFT_TISSUE
ACH-001275,SYO1_SOFT_TISSUE
ACH-000529,T173_FIBROBLAST
ACH-000018,T24_URINARY_TRACT
ACH-000813,T3M10_LUNG
ACH-002021,T3M3_PLACENTA
ACH-000085,T3M4_PANCREAS
ACH-002042,T3M5_THYROID
ACH-000147,T47D_BREAST
ACH-000381,T84_LARGE_INTESTINE
ACH-000571,T98G_CENTRAL_NERVOUS_SYSTEM
ACH-000197,TALL1_HAEMATOPOIETIC_AND_LYMPHOID_TISSUE
ACH-001669,TANOUE_HAEMATOPOIETIC_AND_LYMPHOID_TISSUE
ACH-001670,TASK1_CENTRAL_NERVOUS_SYSTEM
ACH-001283,TC106_BONE
ACH-001430,TC138_BONE
ACH-001431,TC205_BONE
ACH-001205,TC32_BONE
ACH-000424,TC71_BONE
ACH-001206,TCC466_BONE
ACH-000502,TCCPAN2_PANCREAS
ACH-000720,TCCSUP_URINARY_TRACT
ACH-002201,TCYIK_CERVIX
ACH-000647,TE1_OESOPHAGUS
ACH-000318,TE10_OESOPHAGUS
ACH-000488,TE11_OESOPHAGUS
ACH-002311,TE12_OESOPHAGUS
ACH-000079,TE125T_FIBROBLAST
ACH-000726,TE14_OESOPHAGUS
ACH-000353,TE15_OESOPHAGUS
ACH-000175,TE159T_FIBROBLAST
ACH-000917,TE4_OESOPHAGUS
ACH-000772,TE441T_SOFT_TISSUE
ACH-000408,TE5_OESOPHAGUS
ACH-000605,TE6_OESOPHAGUS
ACH-000051,TE617T_SOFT_TISSUE
ACH-000452,TE8_OESOPHAGUS
ACH-000694,TE9_OESOPHAGUS
ACH-000397,TEN_ENDOMETRIUM
ACH-000387,TF1_HAEMATOPOIETIC_AND_LYMPHOID_TISSUE
ACH-001673,TFK1_BILIARY_TRACT
ACH-000949,TGBC11TKB_STOMACH
ACH-002023,TGBC18TKB_LARGE_INTESTINE
ACH-001861,TGBC1TKB_BILIARY_TRACT
ACH-002312,TGBC24TKB_BILIARY_TRACT
ACH-001862,TGBC52TKB_BILIARY_TRACT
ACH-001674,TGW_AUTONOMIC_GANGLIA
ACH-000146,THP1_HAEMATOPOIETIC_AND_LYMPHOID_TISSUE
ACH-001207,TIG3TD_FIBROBLAST
ACH-002313,TK_HAEMATOPOIETIC_AND_LYMPHOID_TISSUE
ACH-001208,TK10_KIDNEY
ACH-001863,TKKK_BILIARY_TRACT
ACH-002055,TL1_HAEMATOPOIETIC_AND_LYMPHOID_TISSUE
ACH-000592,TM31_CENTRAL_NERVOUS_SYSTEM
ACH-000172,TM87_SOFT_TISSUE
ACH-002202,TMK1_STOMACH
ACH-002080,TN2_AUTONOMIC_GANGLIA
ACH-001403,TO14_OVARY
ACH-000125,TO175T_FIBROBLAST
ACH-000285,TOLEDO_HAEMATOPOIETIC_AND_LYMPHOID_TISSUE
ACH-000048,TOV112D_OVARY
ACH-000885,TOV21G_OVARY
ACH-001675,TR146_UPPER_AERODIGESTIVE_TRACT
ACH-000561,TT_OESOPHAGUS
ACH-001321,TT_THYROID
ACH-002025,TT1TKB_LARGE_INTESTINE
ACH-000716,TT2609C02_THYROID
ACH-001210,TTC1240_SOFT_TISSUE
ACH-001750,TTC442_SOFT_TISSUE
ACH-001211,TTC549_SOFT_TISSUE
ACH-001212,TTC642_SOFT_TISSUE
ACH-000597,TTC709_SOFT_TISSUE
ACH-000459,TUHR10TKB_KIDNEY
ACH-000317,TUHR14TKB_KIDNEY
ACH-000495,TUHR4TKB_KIDNEY
ACH-002314,TUR_HAEMATOPOIETIC_AND_LYMPHOID_TISSUE
ACH-000430,TYKNU_OVARY
ACH-000040,U118MG_CENTRAL_NERVOUS_SYSTEM
ACH-001214,U138MG_CENTRAL_NERVOUS_SYSTEM
ACH-000208,U178_CENTRAL_NERVOUS_SYSTEM
ACH-000232,U251MG_CENTRAL_NERVOUS_SYSTEM
ACH-001172,U251MGDM_Brain
ACH-000626,U266B1_HAEMATOPOIETIC_AND_LYMPHOID_TISSUE
ACH-001677,U2904_HAEMATOPOIETIC_AND_LYMPHOID_TISSUE
ACH-000364,U2OS_BONE
ACH-000036,U343_CENTRAL_NERVOUS_SYSTEM
ACH-001680,U698M_HAEMATOPOIETIC_AND_LYMPHOID_TISSUE
ACH-000075,U87MG_CENTRAL_NERVOUS_SYSTEM
ACH-000406,U937_HAEMATOPOIETIC_AND_LYMPHOID_TISSUE
ACH-000579,UACC257_SKIN
ACH-000425,UACC62_SKIN
ACH-002004,UACC62_SKIN_CJ1_RESISTANT
ACH-000568,UACC812_BREAST
ACH-000554,UACC893_BREAST
ACH-000741,UBLC1_URINARY_TRACT
ACH-002204,UCH2_BONE
ACH-001685,UHO1_HAEMATOPOIETIC_AND_LYMPHOID_TISSUE
ACH-001417,UMC11_LUNG
ACH-001224,UMRC2_KIDNEY
ACH-001687,UMRC3_KIDNEY
ACH-001225,UMRC6_KIDNEY
ACH-001688,UMRC7_KIDNEY
ACH-000834,UMUC1_URINARY_TRACT
ACH-001412,UMUC10_URINARY_TRACT
ACH-001413,UMUC11_URINARY_TRACT
ACH-001407,UMUC13_URINARY_TRACT
ACH-001408,UMUC14_URINARY_TRACT
ACH-001409,UMUC16_URINARY_TRACT
ACH-000522,UMUC3_URINARY_TRACT
ACH-001410,UMUC4_URINARY_TRACT
ACH-001411,UMUC5_URINARY_TRACT
ACH-001414,UMUC6_URINARY_TRACT
ACH-001415,UMUC7_URINARY_TRACT
ACH-001416,UMUC9_URINARY_TRACT
ACH-000428,UO31_KIDNEY
ACH-000262,UOK101_KIDNEY
ACH-001690,UPCISCC026_UPPER_AERODIGESTIVE_TRACT
ACH-001691,UPCISCC029A_UPPER_AERODIGESTIVE_TRACT
ACH-001692,UPCISCC040_UPPER_AERODIGESTIVE_TRACT
ACH-001694,UPCISCC074_UPPER_AERODIGESTIVE_TRACT
ACH-001227,UPCISCC090_UPPER_AERODIGESTIVE_TRACT
ACH-001696,UPCISCC111_UPPER_AERODIGESTIVE_TRACT
ACH-001698,UPCISCC116_UPPER_AERODIGESTIVE_TRACT
ACH-001699,UPCISCC131_UPPER_AERODIGESTIVE_TRACT
ACH-001228,UPCISCC152_UPPER_AERODIGESTIVE_TRACT
ACH-001229,UPCISCC154_UPPER_AERODIGESTIVE_TRACT
ACH-001701,UPCISCC200_UPPER_AERODIGESTIVE_TRACT
ACH-002926,UPMD1_Melanoma_Eye
ACH-001230,UT7_HAEMATOPOIETIC_AND_LYMPHOID_TISSUE
ACH-001232,UW228_CENTRAL_NERVOUS_SYSTEM
ACH-001418,UWB1289_OVARY
ACH-001702,VAESBJ_SOFT_TISSUE
ACH-001703,VAL_HAEMATOPOIETIC_AND_LYMPHOID_TISSUE
ACH-000115,VCAP_PROSTATE
ACH-000545,VMCUB1_URINARY_TRACT
ACH-001233,VMRCLCD_LUNG
ACH-001234,VMRCLCP_LUNG
ACH-001704,VMRCMELG_SKIN
ACH-000484,VMRCRCW_KIDNEY
ACH-000171,VMRCRCZ_KIDNEY
ACH-001419,VP229_BREAST
ACH-001707,WAOSEL_HAEMATOPOIETIC_AND_LYMPHOID_TISSUE
ACH-001421,WERIRB1_AUTONOMIC_GANGLIA
ACH-002316,WIL2NS_HAEMATOPOIETIC_AND_LYMPHOID_TISSUE
ACH-000304,WM115_SKIN
ACH-002205,WM1552C_SKIN
ACH-000661,WM1799_SKIN
ACH-001239,WM2664_SKIN
ACH-002206,WM278_SKIN
ACH-002508,WM3211_SKIN
ACH-002207,WM35_SKIN
ACH-002687,WM3772F_EYE
ACH-002509,WM4235_SKIN
ACH-000827,WM793_SKIN
ACH-000899,WM88_SKIN
ACH-000765,WM983B_SKIN
ACH-001422,WPE1NA22_PROSTATE
ACH-000534,WSUDLCL2_HAEMATOPOIETIC_AND_LYMPHOID_TISSUE
ACH-001709,WSUNHL_HAEMATOPOIETIC_AND_LYMPHOID_TISSUE
ACH-001295,Y79_AUTONOMIC_GANGLIA
ACH-001277,YAMATO_SOFT_TISSUE
ACH-000332,YAPC_PANCREAS
ACH-000723,YD10B_UPPER_AERODIGESTIVE_TRACT
ACH-000836,YD15_SALIVARY_GLAND
ACH-000762,YD38_UPPER_AERODIGESTIVE_TRACT
ACH-000630,YD8_UPPER_AERODIGESTIVE_TRACT
ACH-000469,YH13_CENTRAL_NERVOUS_SYSTEM
ACH-000570,YKG1_CENTRAL_NERVOUS_SYSTEM
ACH-001249,YMB1_BREAST
ACH-002208,YMB1E_BREAST
ACH-001864,YSCCC_BILIARY_TRACT
ACH-002317,YT_HAEMATOPOIETIC_AND_LYMPHOID_TISSUE
ACH-002847,YUHOIN0650_Melanoma_Skin
ACH-000097,ZR751_BREAST
ACH-000828,ZR7530_BREAST
ACH-002331,ZR75B_BREAST
